; GCode generated by img2gcode
; Image: 512x512px  →  180.0x180.0mm
; Paths: 499
; Draw feedrate: 1500 mm/min
; Travel feedrate: 3000 mm/min

G21         ; Unit: millimeters
G90         ; Absolute coordinates
G1 F3000  ; Travel speed
M5  ; Pen up (initialization)

G1 X5.000 Y5.000  ; Start position

; Path 1/499
G1 X131.562 Y6.406 F3000  ; Travel
M3 S1000
G4 P100  ; Wait for pen
G1 F1500
G1 X130.156 Y5.352
G1 X131.914 Y6.055
M5

; Path 2/499
G1 X127.344 Y7.812 F3000  ; Travel
M3 S1000
G4 P100  ; Wait for pen
G1 F1500
G1 X125.938 Y6.055
G1 X129.453 Y5.352
G1 X127.344 Y7.109
G1 X127.695 Y7.812
M5

; Path 3/499
G1 X112.227 Y7.812 F3000  ; Travel
M3 S1000
G4 P100  ; Wait for pen
G1 F1500
G1 X112.227 Y7.109
G1 X113.984 Y7.109
G1 X112.578 Y7.461
M5

; Path 4/499
G1 X70.391 Y7.812 F3000  ; Travel
M3 S1000
G4 P100  ; Wait for pen
G1 F1500
G1 X71.445 Y5.703
G1 X70.391 Y7.461
M5

; Path 5/499
G1 X61.953 Y8.164 F3000  ; Travel
M3 S1000
G4 P100  ; Wait for pen
G1 F1500
G1 X63.008 Y8.164
G1 X62.656 Y6.055
G1 X61.953 Y7.812
M5

; Path 6/499
G1 X97.461 Y8.516 F3000  ; Travel
M3 S1000
G4 P100  ; Wait for pen
G1 F1500
G1 X97.109 Y6.406
G1 X97.812 Y8.516
M5

; Path 7/499
G1 X115.391 Y9.219 F3000  ; Travel
M3 S1000
G4 P100  ; Wait for pen
G1 F1500
G1 X116.445 Y8.164
G1 X116.094 Y7.461
G1 X115.391 Y7.812
G1 X116.445 Y7.109
G1 X116.094 Y6.055
G1 X117.148 Y8.164
G1 X115.742 Y8.867
M5

; Path 8/499
G1 X113.633 Y9.570 F3000  ; Travel
M3 S1000
G4 P100  ; Wait for pen
G1 F1500
G1 X113.984 Y8.516
G1 X112.578 Y8.867
G1 X113.633 Y7.812
G1 X114.336 Y8.164
G1 X113.984 Y9.570
M5

; Path 9/499
G1 X96.055 Y9.570 F3000  ; Travel
M3 S1000
G4 P100  ; Wait for pen
G1 F1500
G1 X95.352 Y6.055
G1 X96.406 Y5.352
G1 X95.703 Y6.758
G1 X96.406 Y7.461
G1 X96.055 Y9.219
M5

; Path 10/499
G1 X89.375 Y9.570 F3000  ; Travel
M3 S1000
G4 P100  ; Wait for pen
G1 F1500
G1 X89.023 Y6.758
G1 X87.969 Y5.352
G1 X89.023 Y6.406
G1 X90.430 Y5.352
G1 X92.188 Y5.352
G1 X89.727 Y7.109
G1 X90.430 Y7.461
G1 X89.375 Y8.164
G1 X89.375 Y9.219
M5

; Path 11/499
G1 X56.328 Y9.570 F3000  ; Travel
M3 S1000
G4 P100  ; Wait for pen
G1 F1500
G1 X55.273 Y8.164
G1 X56.680 Y9.219
M5

; Path 12/499
G1 X101.680 Y10.625 F3000  ; Travel
M3 S1000
G4 P100  ; Wait for pen
G1 F1500
G1 X101.328 Y9.219
G1 X102.031 Y10.625
M5

; Path 13/499
G1 X112.930 Y11.328 F3000  ; Travel
M3 S1000
G4 P100  ; Wait for pen
G1 F1500
G1 X111.875 Y10.625
G1 X112.227 Y9.922
G1 X112.930 Y10.977
G1 X114.688 Y10.273
G1 X115.039 Y10.977
G1 X115.742 Y10.273
G1 X117.500 Y10.625
G1 X113.281 Y11.328
M5

; Path 14/499
G1 X56.328 Y11.328 F3000  ; Travel
M3 S1000
G4 P100  ; Wait for pen
G1 F1500
G1 X57.383 Y11.680
G1 X57.734 Y10.977
G1 X56.328 Y10.273
G1 X55.977 Y10.977
M5

; Path 15/499
G1 X138.242 Y12.031 F3000  ; Travel
M3 S1000
G4 P100  ; Wait for pen
G1 F1500
G1 X138.594 Y9.922
G1 X137.891 Y8.516
G1 X136.836 Y9.219
G1 X137.188 Y10.625
G1 X136.484 Y10.625
G1 X136.836 Y8.867
G1 X138.945 Y8.164
G1 X138.242 Y11.680
M5

; Path 16/499
G1 X108.359 Y12.031 F3000  ; Travel
M3 S1000
G4 P100  ; Wait for pen
G1 F1500
G1 X109.766 Y11.680
G1 X109.414 Y9.570
G1 X108.008 Y11.680
M5

; Path 17/499
G1 X95.703 Y12.383 F3000  ; Travel
M3 S1000
G4 P100  ; Wait for pen
G1 F1500
G1 X95.352 Y10.273
G1 X97.109 Y11.680
G1 X96.055 Y11.328
G1 X96.055 Y12.383
M5

; Path 18/499
G1 X63.008 Y13.086 F3000  ; Travel
M3 S1000
G4 P100  ; Wait for pen
G1 F1500
G1 X63.711 Y13.438
G1 X64.414 Y12.031
G1 X63.711 Y11.680
G1 X63.008 Y12.734
M5

; Path 19/499
G1 X133.320 Y13.789 F3000  ; Travel
M3 S1000
G4 P100  ; Wait for pen
G1 F1500
G1 X132.266 Y12.031
G1 X133.320 Y13.086
G1 X135.078 Y12.031
G1 X133.672 Y13.789
M5

; Path 20/499
G1 X121.719 Y13.789 F3000  ; Travel
M3 S1000
G4 P100  ; Wait for pen
G1 F1500
G1 X122.422 Y14.141
G1 X123.125 Y13.086
G1 X121.367 Y13.438
M5

; Path 21/499
G1 X115.742 Y13.789 F3000  ; Travel
M3 S1000
G4 P100  ; Wait for pen
G1 F1500
G1 X116.445 Y12.383
G1 X114.688 Y12.031
G1 X116.797 Y11.680
G1 X116.445 Y13.086
G1 X117.500 Y13.438
G1 X116.094 Y13.438
M5

; Path 22/499
G1 X131.914 Y14.141 F3000  ; Travel
M3 S1000
G4 P100  ; Wait for pen
G1 F1500
G1 X131.562 Y12.734
G1 X132.266 Y13.789
M5

; Path 23/499
G1 X118.906 Y14.141 F3000  ; Travel
M3 S1000
G4 P100  ; Wait for pen
G1 F1500
G1 X119.258 Y6.406
G1 X119.961 Y5.352
G1 X120.312 Y6.055
G1 X121.719 Y5.352
G1 X120.664 Y6.406
G1 X121.016 Y7.109
G1 X123.828 Y5.352
G1 X122.773 Y6.406
G1 X123.477 Y7.812
G1 X122.070 Y6.406
G1 X121.016 Y7.109
G1 X118.906 Y13.789
M5

; Path 24/499
G1 X98.867 Y14.141 F3000  ; Travel
M3 S1000
G4 P100  ; Wait for pen
G1 F1500
G1 X99.219 Y12.031
G1 X97.461 Y10.977
G1 X97.461 Y9.570
G1 X97.812 Y10.977
G1 X99.219 Y12.031
G1 X99.219 Y14.141
M5

; Path 25/499
G1 X80.234 Y14.141 F3000  ; Travel
M3 S1000
G4 P100  ; Wait for pen
G1 F1500
G1 X79.531 Y12.734
G1 X80.586 Y10.625
G1 X79.531 Y10.273
G1 X79.531 Y8.516
G1 X80.234 Y8.516
G1 X80.938 Y10.273
G1 X83.047 Y10.625
G1 X81.641 Y12.383
G1 X81.641 Y11.328
G1 X80.586 Y10.977
G1 X79.883 Y12.734
G1 X81.289 Y13.789
G1 X80.586 Y14.141
M5

; Path 26/499
G1 X64.062 Y15.195 F3000  ; Travel
M3 S1000
G4 P100  ; Wait for pen
G1 F1500
G1 X65.117 Y14.844
G1 X64.062 Y13.438
G1 X64.062 Y14.844
M5

; Path 27/499
G1 X131.562 Y15.547 F3000  ; Travel
M3 S1000
G4 P100  ; Wait for pen
G1 F1500
G1 X130.508 Y15.195
G1 X128.750 Y12.383
G1 X129.805 Y10.625
G1 X131.211 Y10.625
G1 X130.508 Y9.922
G1 X130.859 Y7.109
G1 X129.102 Y7.812
G1 X129.805 Y9.219
G1 X127.344 Y8.867
G1 X125.938 Y9.570
G1 X127.344 Y10.625
G1 X129.102 Y9.922
G1 X128.047 Y11.328
G1 X126.641 Y10.273
G1 X125.586 Y12.031
G1 X126.289 Y11.328
G1 X125.586 Y10.625
G1 X126.289 Y8.867
G1 X125.234 Y7.461
G1 X124.531 Y8.164
G1 X124.531 Y12.031
G1 X124.180 Y10.977
G1 X124.883 Y10.273
G1 X124.180 Y9.570
G1 X122.422 Y11.328
G1 X123.125 Y12.031
G1 X122.070 Y11.680
G1 X123.477 Y9.922
G1 X123.125 Y8.867
G1 X124.883 Y8.867
G1 X124.180 Y7.812
G1 X125.234 Y7.109
G1 X124.180 Y6.406
G1 X125.234 Y6.406
G1 X125.586 Y7.812
G1 X127.695 Y9.219
G1 X129.102 Y9.219
G1 X129.805 Y8.516
G1 X128.750 Y7.812
G1 X129.805 Y7.109
G1 X131.914 Y7.461
G1 X133.320 Y5.352
G1 X134.023 Y5.352
G1 X133.320 Y6.055
G1 X133.672 Y7.109
G1 X134.727 Y6.758
G1 X136.133 Y8.164
G1 X136.484 Y6.758
G1 X135.078 Y5.352
G1 X136.484 Y5.352
G1 X135.781 Y5.703
G1 X136.484 Y6.758
G1 X137.891 Y5.352
G1 X137.891 Y7.109
G1 X136.836 Y7.109
G1 X135.781 Y9.570
G1 X135.078 Y7.461
G1 X134.023 Y9.219
G1 X134.375 Y9.922
G1 X133.320 Y8.164
G1 X134.375 Y7.812
G1 X132.969 Y6.406
G1 X130.859 Y9.219
G1 X132.617 Y10.625
G1 X132.969 Y9.922
G1 X133.672 Y10.273
G1 X132.266 Y11.328
G1 X131.562 Y9.570
G1 X131.562 Y12.031
G1 X130.156 Y10.977
G1 X129.102 Y11.680
G1 X129.102 Y12.734
G1 X130.156 Y13.086
G1 X129.805 Y14.141
G1 X131.211 Y15.195
G1 X134.023 Y14.844
G1 X133.672 Y15.547
G1 X131.914 Y14.844
G1 X131.914 Y15.547
M5

; Path 28/499
G1 X124.180 Y15.547 F3000  ; Travel
M3 S1000
G4 P100  ; Wait for pen
G1 F1500
G1 X124.883 Y12.734
G1 X124.531 Y15.547
M5

; Path 29/499
G1 X93.945 Y15.547 F3000  ; Travel
M3 S1000
G4 P100  ; Wait for pen
G1 F1500
G1 X93.945 Y14.492
G1 X95.000 Y14.141
G1 X94.297 Y15.547
M5

; Path 30/499
G1 X55.625 Y15.547 F3000  ; Travel
M3 S1000
G4 P100  ; Wait for pen
G1 F1500
G1 X56.680 Y14.844
G1 X55.273 Y15.195
M5

; Path 31/499
G1 X115.391 Y15.898 F3000  ; Travel
M3 S1000
G4 P100  ; Wait for pen
G1 F1500
G1 X115.391 Y15.195
G1 X114.688 Y14.844
G1 X114.336 Y15.547
G1 X113.633 Y14.844
G1 X114.688 Y14.492
G1 X115.039 Y15.195
G1 X115.742 Y14.492
G1 X115.742 Y15.547
M5

; Path 32/499
G1 X108.711 Y15.898 F3000  ; Travel
M3 S1000
G4 P100  ; Wait for pen
G1 F1500
G1 X109.414 Y16.250
G1 X110.117 Y14.844
G1 X109.414 Y14.492
G1 X108.711 Y15.547
M5

; Path 33/499
G1 X76.719 Y15.898 F3000  ; Travel
M3 S1000
G4 P100  ; Wait for pen
G1 F1500
G1 X76.719 Y14.141
G1 X74.609 Y12.031
G1 X76.367 Y8.516
G1 X75.312 Y5.352
G1 X76.367 Y5.352
G1 X76.719 Y9.219
G1 X75.312 Y11.680
G1 X77.070 Y13.789
G1 X77.070 Y15.898
M5

; Path 34/499
G1 X98.164 Y16.250 F3000  ; Travel
M3 S1000
G4 P100  ; Wait for pen
G1 F1500
G1 X97.812 Y15.547
G1 X98.867 Y14.844
G1 X97.812 Y15.898
M5

; Path 35/499
G1 X134.727 Y16.602 F3000  ; Travel
M3 S1000
G4 P100  ; Wait for pen
G1 F1500
G1 X135.430 Y16.953
G1 X136.133 Y15.547
G1 X135.430 Y15.195
G1 X134.727 Y16.250
M5

; Path 36/499
G1 X117.852 Y16.602 F3000  ; Travel
M3 S1000
G4 P100  ; Wait for pen
G1 F1500
G1 X118.555 Y15.195
G1 X119.258 Y15.898
G1 X120.312 Y13.789
G1 X121.367 Y14.141
G1 X121.016 Y12.383
G1 X123.828 Y12.383
G1 X122.773 Y14.141
G1 X120.664 Y14.844
G1 X121.016 Y16.250
G1 X122.070 Y16.602
G1 X122.422 Y15.898
G1 X121.367 Y15.547
G1 X123.125 Y14.844
G1 X123.477 Y15.898
G1 X122.070 Y16.602
G1 X118.906 Y15.547
G1 X118.203 Y16.602
M5

; Path 37/499
G1 X69.336 Y16.602 F3000  ; Travel
M3 S1000
G4 P100  ; Wait for pen
G1 F1500
G1 X70.391 Y15.898
G1 X70.039 Y14.844
G1 X68.984 Y16.250
M5

; Path 38/499
G1 X46.484 Y17.305 F3000  ; Travel
M3 S1000
G4 P100  ; Wait for pen
G1 F1500
G1 X47.188 Y17.656
G1 X47.539 Y16.602
G1 X46.484 Y16.953
M5

; Path 39/499
G1 X114.688 Y17.656 F3000  ; Travel
M3 S1000
G4 P100  ; Wait for pen
G1 F1500
G1 X112.578 Y16.602
G1 X113.633 Y17.305
G1 X115.391 Y16.602
G1 X114.688 Y16.953
G1 X115.391 Y17.656
G1 X116.797 Y16.953
G1 X116.797 Y15.898
G1 X117.148 Y17.656
G1 X115.039 Y17.656
M5

; Path 40/499
G1 X80.938 Y17.656 F3000  ; Travel
M3 S1000
G4 P100  ; Wait for pen
G1 F1500
G1 X80.234 Y16.250
G1 X80.938 Y17.305
M5

; Path 41/499
G1 X55.273 Y17.656 F3000  ; Travel
M3 S1000
G4 P100  ; Wait for pen
G1 F1500
G1 X56.680 Y17.305
G1 X55.625 Y15.547
G1 X54.922 Y16.250
G1 X55.273 Y17.305
M5

; Path 42/499
G1 X127.344 Y18.008 F3000  ; Travel
M3 S1000
G4 P100  ; Wait for pen
G1 F1500
G1 X128.047 Y14.492
G1 X127.695 Y17.656
M5

; Path 43/499
G1 X84.102 Y18.711 F3000  ; Travel
M3 S1000
G4 P100  ; Wait for pen
G1 F1500
G1 X83.047 Y16.953
G1 X83.398 Y15.898
G1 X84.453 Y18.711
M5

; Path 44/499
G1 X60.195 Y18.711 F3000  ; Travel
M3 S1000
G4 P100  ; Wait for pen
G1 F1500
G1 X61.602 Y18.008
G1 X59.844 Y18.359
M5

; Path 45/499
G1 X56.328 Y18.711 F3000  ; Travel
M3 S1000
G4 P100  ; Wait for pen
G1 F1500
G1 X57.734 Y18.711
G1 X56.328 Y18.359
M5

; Path 46/499
G1 X125.234 Y19.062 F3000  ; Travel
M3 S1000
G4 P100  ; Wait for pen
G1 F1500
G1 X125.586 Y17.305
G1 X126.289 Y17.305
G1 X125.586 Y18.711
G1 X126.289 Y19.062
G1 X125.586 Y18.711
M5

; Path 47/499
G1 X69.688 Y19.062 F3000  ; Travel
M3 S1000
G4 P100  ; Wait for pen
G1 F1500
G1 X70.742 Y19.414
G1 X73.555 Y16.250
G1 X72.148 Y14.141
G1 X70.742 Y14.141
G1 X69.336 Y17.656
G1 X69.688 Y18.711
M5

; Path 48/499
G1 X115.039 Y19.414 F3000  ; Travel
M3 S1000
G4 P100  ; Wait for pen
G1 F1500
G1 X114.688 Y18.711
G1 X112.930 Y18.711
G1 X115.742 Y18.711
G1 X115.391 Y19.414
M5

; Path 49/499
G1 X116.445 Y19.766 F3000  ; Travel
M3 S1000
G4 P100  ; Wait for pen
G1 F1500
G1 X116.797 Y18.711
G1 X117.500 Y19.766
G1 X116.797 Y19.414
M5

; Path 50/499
G1 X105.898 Y19.766 F3000  ; Travel
M3 S1000
G4 P100  ; Wait for pen
G1 F1500
G1 X106.602 Y20.117
G1 X108.711 Y18.711
G1 X109.062 Y17.656
G1 X108.008 Y15.898
G1 X106.602 Y16.953
G1 X106.953 Y15.547
G1 X104.492 Y16.250
G1 X104.141 Y18.359
G1 X105.547 Y19.766
M5

; Path 51/499
G1 X59.844 Y19.766 F3000  ; Travel
M3 S1000
G4 P100  ; Wait for pen
G1 F1500
G1 X61.602 Y19.414
G1 X60.898 Y18.711
G1 X59.844 Y19.414
M5

; Path 52/499
G1 X128.750 Y20.117 F3000  ; Travel
M3 S1000
G4 P100  ; Wait for pen
G1 F1500
G1 X128.398 Y17.305
G1 X129.102 Y16.602
G1 X129.805 Y17.305
G1 X128.750 Y17.656
G1 X129.453 Y19.062
G1 X128.750 Y19.766
M5

; Path 53/499
G1 X53.867 Y20.117 F3000  ; Travel
M3 S1000
G4 P100  ; Wait for pen
G1 F1500
G1 X55.273 Y20.469
G1 X55.625 Y19.766
G1 X51.758 Y16.602
G1 X53.867 Y17.305
G1 X55.625 Y15.547
G1 X54.570 Y14.844
G1 X53.164 Y16.250
G1 X53.164 Y14.844
G1 X51.758 Y15.898
G1 X51.055 Y15.547
G1 X52.109 Y14.844
G1 X50.703 Y14.844
G1 X50.000 Y15.547
G1 X50.703 Y16.250
G1 X49.297 Y16.250
G1 X53.516 Y19.766
M5

; Path 54/499
G1 X119.258 Y20.469 F3000  ; Travel
M3 S1000
G4 P100  ; Wait for pen
G1 F1500
G1 X119.961 Y20.820
G1 X120.664 Y19.766
G1 X119.961 Y19.414
G1 X119.609 Y20.117
M5

; Path 55/499
G1 X126.641 Y20.820 F3000  ; Travel
M3 S1000
G4 P100  ; Wait for pen
G1 F1500
G1 X127.344 Y18.711
G1 X126.992 Y20.469
M5

; Path 56/499
G1 X123.828 Y20.820 F3000  ; Travel
M3 S1000
G4 P100  ; Wait for pen
G1 F1500
G1 X124.531 Y18.711
G1 X124.883 Y20.469
G1 X124.531 Y19.766
G1 X123.477 Y20.469
M5

; Path 57/499
G1 X103.086 Y20.820 F3000  ; Travel
M3 S1000
G4 P100  ; Wait for pen
G1 F1500
G1 X101.680 Y19.766
G1 X103.438 Y20.469
M5

; Path 58/499
G1 X131.914 Y21.172 F3000  ; Travel
M3 S1000
G4 P100  ; Wait for pen
G1 F1500
G1 X132.617 Y19.062
G1 X132.266 Y20.820
M5

; Path 59/499
G1 X94.648 Y21.523 F3000  ; Travel
M3 S1000
G4 P100  ; Wait for pen
G1 F1500
G1 X95.352 Y20.117
G1 X95.000 Y21.523
M5

; Path 60/499
G1 X64.414 Y21.523 F3000  ; Travel
M3 S1000
G4 P100  ; Wait for pen
G1 F1500
G1 X65.117 Y21.875
G1 X65.469 Y21.172
G1 X63.711 Y16.250
G1 X62.305 Y15.547
G1 X62.305 Y14.492
G1 X60.195 Y14.141
G1 X60.195 Y12.734
G1 X58.789 Y13.438
G1 X59.844 Y12.383
G1 X59.492 Y11.680
G1 X58.086 Y12.734
G1 X57.383 Y12.031
G1 X56.328 Y14.141
G1 X58.438 Y14.492
G1 X57.031 Y15.195
G1 X57.031 Y17.305
G1 X58.438 Y16.953
G1 X58.086 Y15.547
G1 X59.844 Y15.547
G1 X58.438 Y16.602
G1 X58.438 Y18.359
G1 X59.141 Y18.711
G1 X59.492 Y17.305
G1 X61.250 Y16.602
G1 X61.250 Y20.820
G1 X63.008 Y20.117
G1 X64.062 Y21.172
M5

; Path 61/499
G1 X44.023 Y21.523 F3000  ; Travel
M3 S1000
G4 P100  ; Wait for pen
G1 F1500
G1 X45.078 Y21.523
G1 X45.430 Y19.062
G1 X46.836 Y18.008
G1 X46.133 Y17.305
G1 X43.320 Y20.117
G1 X44.375 Y20.117
G1 X44.023 Y21.172
M5

; Path 62/499
G1 X128.398 Y21.875 F3000  ; Travel
M3 S1000
G4 P100  ; Wait for pen
G1 F1500
G1 X127.695 Y20.469
G1 X128.750 Y21.523
M5

; Path 63/499
G1 X50.703 Y21.875 F3000  ; Travel
M3 S1000
G4 P100  ; Wait for pen
G1 F1500
G1 X51.758 Y21.875
G1 X51.055 Y20.820
G1 X51.758 Y21.523
G1 X53.164 Y20.820
G1 X49.297 Y17.305
G1 X47.188 Y18.008
G1 X46.836 Y19.062
G1 X47.891 Y18.711
G1 X50.352 Y21.875
M5

; Path 64/499
G1 X130.508 Y22.578 F3000  ; Travel
M3 S1000
G4 P100  ; Wait for pen
G1 F1500
G1 X129.805 Y22.227
G1 X130.508 Y21.523
G1 X130.156 Y19.766
G1 X130.859 Y19.414
G1 X130.156 Y19.062
G1 X130.859 Y18.711
G1 X130.508 Y22.227
M5

; Path 65/499
G1 X115.039 Y23.633 F3000  ; Travel
M3 S1000
G4 P100  ; Wait for pen
G1 F1500
G1 X116.094 Y23.633
G1 X116.797 Y22.578
G1 X115.039 Y20.820
G1 X113.633 Y22.227
G1 X113.984 Y23.281
G1 X115.391 Y22.227
G1 X115.039 Y23.281
M5

; Path 66/499
G1 X55.977 Y23.984 F3000  ; Travel
M3 S1000
G4 P100  ; Wait for pen
G1 F1500
G1 X55.273 Y23.633
G1 X57.734 Y22.930
G1 X56.328 Y23.984
M5

; Path 67/499
G1 X48.945 Y23.984 F3000  ; Travel
M3 S1000
G4 P100  ; Wait for pen
G1 F1500
G1 X50.352 Y23.984
G1 X49.648 Y22.578
G1 X50.352 Y22.930
G1 X50.352 Y21.875
G1 X48.594 Y20.117
G1 X47.539 Y20.820
G1 X47.891 Y20.117
G1 X46.484 Y19.766
G1 X45.430 Y21.172
G1 X48.945 Y23.633
M5

; Path 68/499
G1 X113.633 Y24.336 F3000  ; Travel
M3 S1000
G4 P100  ; Wait for pen
G1 F1500
G1 X112.227 Y22.930
G1 X112.227 Y19.766
G1 X112.578 Y21.172
G1 X115.391 Y20.117
G1 X117.148 Y21.875
G1 X116.797 Y23.984
G1 X113.984 Y24.336
M5

; Path 69/499
G1 X127.344 Y25.391 F3000  ; Travel
M3 S1000
G4 P100  ; Wait for pen
G1 F1500
G1 X126.289 Y24.336
G1 X125.586 Y24.688
G1 X127.344 Y24.336
G1 X127.344 Y25.039
M5

; Path 70/499
G1 X44.727 Y25.391 F3000  ; Travel
M3 S1000
G4 P100  ; Wait for pen
G1 F1500
G1 X46.484 Y24.688
G1 X48.594 Y25.742
G1 X48.945 Y24.688
G1 X44.727 Y22.227
G1 X43.320 Y23.633
G1 X43.672 Y22.578
G1 X42.617 Y21.875
G1 X42.617 Y23.633
G1 X41.914 Y23.984
G1 X44.727 Y25.039
M5

; Path 71/499
G1 X55.273 Y26.445 F3000  ; Travel
M3 S1000
G4 P100  ; Wait for pen
G1 F1500
G1 X54.570 Y25.039
G1 X52.109 Y23.984
G1 X56.328 Y24.688
G1 X55.273 Y26.094
M5

; Path 72/499
G1 X51.406 Y26.445 F3000  ; Travel
M3 S1000
G4 P100  ; Wait for pen
G1 F1500
G1 X52.812 Y26.094
G1 X51.406 Y25.039
G1 X53.516 Y25.742
G1 X51.758 Y26.445
M5

; Path 73/499
G1 X140.000 Y27.852 F3000  ; Travel
M3 S1000
G4 P100  ; Wait for pen
G1 F1500
G1 X143.164 Y27.852
G1 X141.758 Y26.445
G1 X140.000 Y27.500
M5

; Path 74/499
G1 X139.297 Y27.852 F3000  ; Travel
M3 S1000
G4 P100  ; Wait for pen
G1 F1500
G1 X140.000 Y27.852
G1 X139.648 Y26.445
G1 X138.594 Y26.797
G1 X139.297 Y27.500
M5

; Path 75/499
G1 X134.375 Y27.852 F3000  ; Travel
M3 S1000
G4 P100  ; Wait for pen
G1 F1500
G1 X136.133 Y27.852
G1 X135.781 Y27.148
G1 X134.727 Y27.500
M5

; Path 76/499
G1 X114.688 Y27.852 F3000  ; Travel
M3 S1000
G4 P100  ; Wait for pen
G1 F1500
G1 X115.391 Y27.148
G1 X114.688 Y26.445
G1 X115.391 Y26.445
G1 X115.039 Y27.852
M5

; Path 77/499
G1 X143.867 Y28.203 F3000  ; Travel
M3 S1000
G4 P100  ; Wait for pen
G1 F1500
G1 X145.273 Y28.555
G1 X145.625 Y27.852
G1 X143.516 Y27.852
M5

; Path 78/499
G1 X44.023 Y28.203 F3000  ; Travel
M3 S1000
G4 P100  ; Wait for pen
G1 F1500
G1 X41.562 Y27.148
G1 X44.375 Y28.203
G1 X45.430 Y27.852
G1 X44.375 Y28.203
M5

; Path 79/499
G1 X54.219 Y28.555 F3000  ; Travel
M3 S1000
G4 P100  ; Wait for pen
G1 F1500
G1 X50.352 Y27.148
G1 X54.219 Y27.500
G1 X53.516 Y26.797
G1 X54.570 Y26.445
G1 X54.219 Y28.203
M5

; Path 80/499
G1 X37.695 Y28.555 F3000  ; Travel
M3 S1000
G4 P100  ; Wait for pen
G1 F1500
G1 X38.750 Y27.500
G1 X37.695 Y28.203
M5

; Path 81/499
G1 X140.000 Y28.906 F3000  ; Travel
M3 S1000
G4 P100  ; Wait for pen
G1 F1500
G1 X141.758 Y28.203
G1 X140.703 Y27.852
G1 X140.000 Y28.555
M5

; Path 82/499
G1 X146.328 Y29.258 F3000  ; Travel
M3 S1000
G4 P100  ; Wait for pen
G1 F1500
G1 X147.031 Y29.258
G1 X146.680 Y28.203
G1 X145.977 Y29.258
M5

; Path 83/499
G1 X113.281 Y29.258 F3000  ; Travel
M3 S1000
G4 P100  ; Wait for pen
G1 F1500
G1 X112.578 Y26.094
G1 X113.984 Y26.445
G1 X112.930 Y27.852
G1 X113.281 Y28.906
M5

; Path 84/499
G1 X104.844 Y29.258 F3000  ; Travel
M3 S1000
G4 P100  ; Wait for pen
G1 F1500
G1 X106.250 Y27.852
G1 X105.195 Y27.148
G1 X104.141 Y27.852
G1 X104.844 Y28.906
M5

; Path 85/499
G1 X95.000 Y29.609 F3000  ; Travel
M3 S1000
G4 P100  ; Wait for pen
G1 F1500
G1 X95.703 Y26.797
G1 X96.055 Y28.203
G1 X95.000 Y29.258
M5

; Path 86/499
G1 X77.070 Y29.609 F3000  ; Travel
M3 S1000
G4 P100  ; Wait for pen
G1 F1500
G1 X77.422 Y28.906
G1 X76.719 Y28.555
G1 X77.422 Y29.609
M5

; Path 87/499
G1 X73.906 Y29.609 F3000  ; Travel
M3 S1000
G4 P100  ; Wait for pen
G1 F1500
G1 X74.609 Y29.961
G1 X75.664 Y28.906
G1 X73.203 Y26.445
G1 X72.852 Y28.203
G1 X73.555 Y29.258
M5

; Path 88/499
G1 X48.945 Y29.609 F3000  ; Travel
M3 S1000
G4 P100  ; Wait for pen
G1 F1500
G1 X51.055 Y29.609
G1 X49.297 Y29.258
M5

; Path 89/499
G1 X113.633 Y29.961 F3000  ; Travel
M3 S1000
G4 P100  ; Wait for pen
G1 F1500
G1 X114.688 Y28.906
G1 X115.742 Y29.609
G1 X113.984 Y29.609
M5

; Path 90/499
G1 X53.516 Y29.961 F3000  ; Travel
M3 S1000
G4 P100  ; Wait for pen
G1 F1500
G1 X51.758 Y29.258
G1 X53.867 Y29.609
M5

; Path 91/499
G1 X148.438 Y30.664 F3000  ; Travel
M3 S1000
G4 P100  ; Wait for pen
G1 F1500
G1 X150.547 Y30.664
G1 X148.086 Y29.258
G1 X145.977 Y29.961
G1 X146.328 Y30.664
G1 X148.086 Y30.664
M5

; Path 92/499
G1 X97.461 Y30.664 F3000  ; Travel
M3 S1000
G4 P100  ; Wait for pen
G1 F1500
G1 X96.758 Y23.984
G1 X95.703 Y23.633
G1 X96.758 Y22.578
G1 X96.055 Y13.086
G1 X96.758 Y24.336
G1 X97.812 Y25.039
G1 X97.109 Y25.742
G1 X97.109 Y29.961
G1 X97.812 Y30.664
M5

; Path 93/499
G1 X109.414 Y31.367 F3000  ; Travel
M3 S1000
G4 P100  ; Wait for pen
G1 F1500
G1 X110.117 Y31.367
G1 X109.766 Y30.312
G1 X108.711 Y30.664
G1 X109.062 Y31.367
M5

; Path 94/499
G1 X50.352 Y31.367 F3000  ; Travel
M3 S1000
G4 P100  ; Wait for pen
G1 F1500
G1 X48.945 Y30.664
G1 X53.867 Y30.664
G1 X50.000 Y31.016
M5

; Path 95/499
G1 X105.898 Y31.719 F3000  ; Travel
M3 S1000
G4 P100  ; Wait for pen
G1 F1500
G1 X107.656 Y32.070
G1 X109.414 Y29.258
G1 X109.062 Y26.094
G1 X107.305 Y25.039
G1 X109.062 Y23.633
G1 X109.062 Y19.062
G1 X108.008 Y19.414
G1 X108.711 Y20.117
G1 X108.008 Y20.820
G1 X106.953 Y20.117
G1 X105.898 Y21.875
G1 X105.898 Y26.445
G1 X106.953 Y28.203
G1 X106.250 Y29.609
G1 X105.195 Y29.609
G1 X105.547 Y31.367
M5

; Path 96/499
G1 X36.289 Y31.719 F3000  ; Travel
M3 S1000
G4 P100  ; Wait for pen
G1 F1500
G1 X37.695 Y31.016
G1 X37.344 Y29.609
G1 X36.289 Y31.367
M5

; Path 97/499
G1 X150.547 Y32.070 F3000  ; Travel
M3 S1000
G4 P100  ; Wait for pen
G1 F1500
G1 X151.953 Y32.070
G1 X151.250 Y31.367
G1 X150.195 Y31.719
M5

; Path 98/499
G1 X87.969 Y32.070 F3000  ; Travel
M3 S1000
G4 P100  ; Wait for pen
G1 F1500
G1 X87.969 Y31.367
G1 X86.914 Y31.367
G1 X86.562 Y29.961
G1 X87.617 Y29.961
G1 X87.617 Y27.500
G1 X86.562 Y26.445
G1 X85.156 Y26.797
G1 X84.102 Y29.609
G1 X84.102 Y27.500
G1 X86.211 Y24.688
G1 X89.375 Y28.906
G1 X88.672 Y29.258
G1 X89.375 Y29.961
G1 X88.320 Y32.070
M5

; Path 99/499
G1 X110.117 Y32.422 F3000  ; Travel
M3 S1000
G4 P100  ; Wait for pen
G1 F1500
G1 X111.172 Y32.422
G1 X110.469 Y31.367
G1 X110.117 Y32.070
M5

; Path 100/499
G1 X124.883 Y32.773 F3000  ; Travel
M3 S1000
G4 P100  ; Wait for pen
G1 F1500
G1 X125.938 Y32.773
G1 X124.883 Y31.016
G1 X124.180 Y31.367
G1 X124.531 Y32.422
M5

; Path 101/499
G1 X123.477 Y32.773 F3000  ; Travel
M3 S1000
G4 P100  ; Wait for pen
G1 F1500
G1 X124.180 Y33.125
G1 X124.531 Y32.070
G1 X123.477 Y32.422
M5

; Path 102/499
G1 X144.570 Y34.180 F3000  ; Travel
M3 S1000
G4 P100  ; Wait for pen
G1 F1500
G1 X143.867 Y33.125
G1 X142.461 Y33.125
G1 X142.109 Y31.719
G1 X142.812 Y32.773
G1 X145.625 Y33.477
G1 X144.922 Y34.180
M5

; Path 103/499
G1 X118.555 Y34.180 F3000  ; Travel
M3 S1000
G4 P100  ; Wait for pen
G1 F1500
G1 X119.609 Y33.477
G1 X118.555 Y33.125
G1 X118.555 Y33.828
M5

; Path 104/499
G1 X116.797 Y34.180 F3000  ; Travel
M3 S1000
G4 P100  ; Wait for pen
G1 F1500
G1 X117.500 Y34.531
G1 X118.203 Y33.125
G1 X116.445 Y32.422
G1 X116.094 Y33.477
G1 X117.148 Y33.828
M5

; Path 105/499
G1 X53.164 Y34.180 F3000  ; Travel
M3 S1000
G4 P100  ; Wait for pen
G1 F1500
G1 X48.945 Y33.125
G1 X51.406 Y33.125
G1 X52.812 Y32.422
G1 X51.758 Y31.719
G1 X53.516 Y31.719
G1 X52.812 Y32.422
G1 X53.164 Y33.828
M5

; Path 106/499
G1 X133.672 Y34.531 F3000  ; Travel
M3 S1000
G4 P100  ; Wait for pen
G1 F1500
G1 X133.672 Y33.477
G1 X135.078 Y32.773
G1 X134.023 Y34.180
M5

; Path 107/499
G1 X91.836 Y34.531 F3000  ; Travel
M3 S1000
G4 P100  ; Wait for pen
G1 F1500
G1 X92.891 Y34.531
G1 X92.539 Y32.422
G1 X91.484 Y34.180
M5

; Path 108/499
G1 X141.758 Y34.883 F3000  ; Travel
M3 S1000
G4 P100  ; Wait for pen
G1 F1500
G1 X141.406 Y32.773
G1 X140.000 Y33.125
G1 X139.297 Y32.070
G1 X141.055 Y30.312
G1 X141.055 Y31.719
G1 X140.000 Y31.367
G1 X139.648 Y32.422
G1 X141.406 Y32.422
G1 X141.406 Y34.531
M5

; Path 109/499
G1 X130.859 Y34.883 F3000  ; Travel
M3 S1000
G4 P100  ; Wait for pen
G1 F1500
G1 X130.156 Y34.531
G1 X130.859 Y33.828
G1 X130.508 Y31.367
G1 X131.562 Y31.016
G1 X130.859 Y30.312
G1 X131.562 Y31.016
G1 X130.859 Y31.719
G1 X131.914 Y32.070
G1 X130.859 Y33.477
G1 X131.211 Y34.531
G1 X132.969 Y31.719
G1 X135.430 Y31.016
G1 X134.375 Y32.070
G1 X133.320 Y31.719
G1 X132.617 Y34.531
G1 X131.211 Y34.531
M5

; Path 110/499
G1 X153.359 Y35.938 F3000  ; Travel
M3 S1000
G4 P100  ; Wait for pen
G1 F1500
G1 X154.414 Y35.938
G1 X153.711 Y34.883
G1 X153.359 Y35.586
M5

; Path 111/499
G1 X128.047 Y35.938 F3000  ; Travel
M3 S1000
G4 P100  ; Wait for pen
G1 F1500
G1 X127.695 Y34.180
G1 X128.750 Y34.180
G1 X129.453 Y32.070
G1 X127.695 Y31.719
G1 X127.695 Y31.016
G1 X129.805 Y31.367
G1 X127.695 Y35.586
M5

; Path 112/499
G1 X124.531 Y35.938 F3000  ; Travel
M3 S1000
G4 P100  ; Wait for pen
G1 F1500
G1 X124.531 Y34.180
G1 X125.586 Y34.180
G1 X125.586 Y35.586
G1 X124.531 Y35.586
M5

; Path 113/499
G1 X152.656 Y36.641 F3000  ; Travel
M3 S1000
G4 P100  ; Wait for pen
G1 F1500
G1 X154.062 Y36.641
G1 X152.656 Y36.289
M5

; Path 114/499
G1 X140.352 Y36.641 F3000  ; Travel
M3 S1000
G4 P100  ; Wait for pen
G1 F1500
G1 X140.352 Y35.234
G1 X141.406 Y35.938
G1 X140.000 Y36.289
M5

; Path 115/499
G1 X138.945 Y36.641 F3000  ; Travel
M3 S1000
G4 P100  ; Wait for pen
G1 F1500
G1 X137.539 Y34.883
G1 X136.484 Y35.586
G1 X138.242 Y34.531
G1 X137.188 Y33.125
G1 X135.430 Y34.531
G1 X138.594 Y31.016
G1 X137.188 Y33.125
G1 X138.242 Y33.828
G1 X137.891 Y34.883
G1 X138.945 Y36.289
M5

; Path 116/499
G1 X146.680 Y37.344 F3000  ; Travel
M3 S1000
G4 P100  ; Wait for pen
G1 F1500
G1 X147.031 Y36.641
G1 X149.141 Y36.641
G1 X147.031 Y36.992
M5

; Path 117/499
G1 X115.391 Y37.344 F3000  ; Travel
M3 S1000
G4 P100  ; Wait for pen
G1 F1500
G1 X117.148 Y36.289
G1 X116.797 Y34.180
G1 X115.742 Y34.531
G1 X115.391 Y36.992
M5

; Path 118/499
G1 X137.539 Y37.695 F3000  ; Travel
M3 S1000
G4 P100  ; Wait for pen
G1 F1500
G1 X138.242 Y37.695
G1 X137.891 Y36.641
G1 X137.188 Y37.695
M5

; Path 119/499
G1 X118.906 Y38.047 F3000  ; Travel
M3 S1000
G4 P100  ; Wait for pen
G1 F1500
G1 X119.961 Y37.344
G1 X118.555 Y37.695
M5

; Path 120/499
G1 X80.586 Y38.047 F3000  ; Travel
M3 S1000
G4 P100  ; Wait for pen
G1 F1500
G1 X81.289 Y38.047
G1 X82.344 Y34.531
G1 X81.641 Y32.422
G1 X80.234 Y34.883
G1 X80.234 Y37.695
M5

; Path 121/499
G1 X38.047 Y38.047 F3000  ; Travel
M3 S1000
G4 P100  ; Wait for pen
G1 F1500
G1 X39.102 Y38.047
G1 X37.344 Y33.828
G1 X36.641 Y34.883
G1 X37.695 Y37.695
M5

; Path 122/499
G1 X58.789 Y38.398 F3000  ; Travel
M3 S1000
G4 P100  ; Wait for pen
G1 F1500
G1 X58.438 Y37.695
G1 X59.844 Y36.641
G1 X59.141 Y38.047
M5

; Path 123/499
G1 X42.969 Y38.398 F3000  ; Travel
M3 S1000
G4 P100  ; Wait for pen
G1 F1500
G1 X45.781 Y38.398
G1 X47.188 Y36.289
G1 X45.430 Y35.586
G1 X42.969 Y38.047
M5

; Path 124/499
G1 X143.164 Y38.750 F3000  ; Travel
M3 S1000
G4 P100  ; Wait for pen
G1 F1500
G1 X144.570 Y38.750
G1 X143.867 Y37.695
G1 X142.461 Y38.047
G1 X142.812 Y38.750
G1 X143.516 Y38.398
M5

; Path 125/499
G1 X136.133 Y39.453 F3000  ; Travel
M3 S1000
G4 P100  ; Wait for pen
G1 F1500
G1 X137.539 Y39.805
G1 X138.945 Y38.750
G1 X138.945 Y37.695
G1 X136.133 Y39.102
M5

; Path 126/499
G1 X126.641 Y39.453 F3000  ; Travel
M3 S1000
G4 P100  ; Wait for pen
G1 F1500
G1 X128.398 Y38.398
G1 X127.695 Y38.047
G1 X126.641 Y39.102
M5

; Path 127/499
G1 X144.570 Y40.156 F3000  ; Travel
M3 S1000
G4 P100  ; Wait for pen
G1 F1500
G1 X147.383 Y40.508
G1 X147.734 Y39.805
G1 X147.031 Y39.453
G1 X147.734 Y39.805
G1 X148.086 Y39.102
G1 X147.383 Y38.398
G1 X146.328 Y39.453
G1 X144.922 Y39.102
G1 X144.219 Y39.805
M5

; Path 128/499
G1 X127.344 Y40.156 F3000  ; Travel
M3 S1000
G4 P100  ; Wait for pen
G1 F1500
G1 X128.398 Y39.453
G1 X126.992 Y39.805
M5

; Path 129/499
G1 X114.688 Y40.156 F3000  ; Travel
M3 S1000
G4 P100  ; Wait for pen
G1 F1500
G1 X115.391 Y40.156
G1 X115.039 Y38.398
G1 X114.688 Y39.805
M5

; Path 130/499
G1 X142.812 Y40.859 F3000  ; Travel
M3 S1000
G4 P100  ; Wait for pen
G1 F1500
G1 X144.570 Y40.156
G1 X142.812 Y39.102
G1 X142.109 Y39.805
G1 X142.812 Y40.508
M5

; Path 131/499
G1 X120.312 Y41.562 F3000  ; Travel
M3 S1000
G4 P100  ; Wait for pen
G1 F1500
G1 X120.664 Y39.805
G1 X120.312 Y41.211
M5

; Path 132/499
G1 X154.766 Y41.914 F3000  ; Travel
M3 S1000
G4 P100  ; Wait for pen
G1 F1500
G1 X155.469 Y42.266
G1 X156.172 Y41.211
G1 X154.766 Y41.562
M5

; Path 133/499
G1 X136.484 Y42.617 F3000  ; Travel
M3 S1000
G4 P100  ; Wait for pen
G1 F1500
G1 X137.539 Y41.211
G1 X138.945 Y41.211
G1 X140.000 Y40.156
G1 X140.000 Y40.859
G1 X137.891 Y41.211
G1 X138.242 Y41.914
G1 X136.836 Y42.617
M5

; Path 134/499
G1 X54.570 Y42.617 F3000  ; Travel
M3 S1000
G4 P100  ; Wait for pen
G1 F1500
G1 X52.109 Y40.508
G1 X53.516 Y39.805
G1 X51.406 Y39.102
G1 X53.516 Y38.398
G1 X52.812 Y37.344
G1 X50.352 Y37.344
G1 X50.352 Y36.641
G1 X53.164 Y35.938
G1 X49.297 Y34.531
G1 X53.164 Y34.883
G1 X53.516 Y40.156
G1 X54.570 Y42.266
M5

; Path 135/499
G1 X78.828 Y42.969 F3000  ; Travel
M3 S1000
G4 P100  ; Wait for pen
G1 F1500
G1 X79.883 Y42.617
G1 X78.828 Y41.914
G1 X78.477 Y42.617
M5

; Path 136/499
G1 X44.023 Y42.969 F3000  ; Travel
M3 S1000
G4 P100  ; Wait for pen
G1 F1500
G1 X43.320 Y41.562
G1 X44.727 Y41.211
G1 X44.023 Y42.617
M5

; Path 137/499
G1 X150.195 Y43.672 F3000  ; Travel
M3 S1000
G4 P100  ; Wait for pen
G1 F1500
G1 X147.734 Y42.969
G1 X150.547 Y43.320
M5

; Path 138/499
G1 X142.109 Y43.672 F3000  ; Travel
M3 S1000
G4 P100  ; Wait for pen
G1 F1500
G1 X142.109 Y41.562
G1 X143.516 Y41.914
G1 X142.812 Y42.617
G1 X143.516 Y43.320
G1 X145.625 Y43.320
G1 X145.625 Y41.914
G1 X144.219 Y42.266
G1 X145.273 Y41.562
G1 X148.086 Y41.914
G1 X149.844 Y40.859
G1 X149.492 Y40.156
G1 X148.438 Y40.859
G1 X148.438 Y39.805
G1 X147.383 Y40.859
G1 X141.758 Y40.859
G1 X141.758 Y39.102
G1 X142.461 Y39.453
G1 X142.812 Y38.750
G1 X141.055 Y38.047
G1 X141.055 Y37.344
G1 X141.758 Y38.398
G1 X143.164 Y36.992
G1 X142.812 Y36.289
G1 X142.109 Y36.641
G1 X142.812 Y35.938
G1 X142.109 Y35.586
G1 X142.461 Y34.531
G1 X143.516 Y34.180
G1 X142.461 Y35.234
G1 X142.812 Y35.938
G1 X144.219 Y35.586
G1 X144.219 Y34.883
G1 X145.273 Y35.586
G1 X147.031 Y34.883
G1 X147.383 Y33.828
G1 X149.141 Y33.477
G1 X148.789 Y35.234
G1 X145.977 Y35.586
G1 X145.273 Y36.992
G1 X144.922 Y35.586
G1 X143.516 Y36.992
G1 X145.625 Y39.453
G1 X147.031 Y38.047
G1 X151.250 Y37.344
G1 X150.195 Y36.992
G1 X148.086 Y38.750
G1 X148.438 Y39.453
G1 X150.898 Y38.750
G1 X149.492 Y39.453
G1 X150.547 Y41.211
G1 X149.141 Y42.266
G1 X146.328 Y42.266
G1 X145.977 Y42.969
G1 X146.680 Y43.320
G1 X142.461 Y43.320
M5

; Path 139/499
G1 X138.594 Y43.672 F3000  ; Travel
M3 S1000
G4 P100  ; Wait for pen
G1 F1500
G1 X137.891 Y43.320
G1 X140.000 Y42.266
G1 X140.000 Y41.562
G1 X140.352 Y43.320
G1 X138.945 Y43.320
M5

; Path 140/499
G1 X57.734 Y44.023 F3000  ; Travel
M3 S1000
G4 P100  ; Wait for pen
G1 F1500
G1 X56.328 Y42.969
G1 X54.922 Y39.453
G1 X54.922 Y29.961
G1 X56.328 Y26.445
G1 X59.141 Y23.633
G1 X62.656 Y22.930
G1 X61.602 Y24.336
G1 X60.195 Y23.984
G1 X58.086 Y25.391
G1 X60.898 Y26.094
G1 X66.875 Y25.742
G1 X71.094 Y28.203
G1 X66.523 Y26.445
G1 X60.547 Y26.445
G1 X60.195 Y27.148
G1 X58.086 Y26.094
G1 X56.328 Y28.555
G1 X55.977 Y33.477
G1 X55.273 Y34.180
G1 X55.977 Y35.586
G1 X55.625 Y38.047
G1 X56.680 Y39.102
G1 X56.328 Y40.156
G1 X59.492 Y41.914
G1 X63.711 Y39.102
G1 X69.688 Y38.750
G1 X73.555 Y40.508
G1 X68.633 Y39.453
G1 X66.875 Y40.859
G1 X67.578 Y41.562
G1 X66.523 Y43.320
G1 X66.875 Y39.805
G1 X63.359 Y39.805
G1 X60.547 Y41.562
G1 X61.250 Y41.914
G1 X57.383 Y41.211
G1 X57.031 Y41.914
G1 X59.492 Y43.320
G1 X58.086 Y44.023
M5

; Path 141/499
G1 X117.852 Y44.727 F3000  ; Travel
M3 S1000
G4 P100  ; Wait for pen
G1 F1500
G1 X118.906 Y43.320
G1 X117.852 Y44.375
M5

; Path 142/499
G1 X70.742 Y45.078 F3000  ; Travel
M3 S1000
G4 P100  ; Wait for pen
G1 F1500
G1 X71.797 Y45.430
G1 X72.500 Y44.375
G1 X71.094 Y44.727
M5

; Path 143/499
G1 X79.883 Y45.430 F3000  ; Travel
M3 S1000
G4 P100  ; Wait for pen
G1 F1500
G1 X80.938 Y45.430
G1 X80.586 Y43.672
G1 X81.641 Y43.320
G1 X80.938 Y42.969
G1 X81.289 Y38.750
G1 X79.531 Y36.289
G1 X78.477 Y36.289
G1 X78.828 Y34.531
G1 X77.773 Y33.477
G1 X77.070 Y34.180
G1 X77.422 Y37.695
G1 X78.828 Y38.750
G1 X78.828 Y37.344
G1 X79.531 Y37.344
G1 X79.180 Y38.750
G1 X80.234 Y39.805
G1 X79.531 Y40.508
G1 X79.531 Y39.102
G1 X78.477 Y40.508
G1 X80.234 Y42.617
G1 X79.180 Y43.672
G1 X79.531 Y45.078
M5

; Path 144/499
G1 X61.602 Y45.430 F3000  ; Travel
M3 S1000
G4 P100  ; Wait for pen
G1 F1500
G1 X68.984 Y45.078
G1 X74.609 Y40.508
G1 X77.070 Y40.859
G1 X77.773 Y38.750
G1 X77.070 Y37.695
G1 X71.797 Y35.938
G1 X69.336 Y34.180
G1 X66.172 Y34.531
G1 X65.820 Y35.234
G1 X64.766 Y34.531
G1 X62.656 Y35.586
G1 X61.250 Y34.883
G1 X58.086 Y36.641
G1 X58.789 Y35.938
G1 X56.680 Y34.531
G1 X68.984 Y33.477
G1 X75.664 Y37.344
G1 X76.719 Y35.234
G1 X74.961 Y33.477
G1 X72.852 Y33.125
G1 X72.148 Y32.070
G1 X67.578 Y29.961
G1 X57.734 Y30.312
G1 X58.438 Y29.609
G1 X67.930 Y29.258
G1 X74.258 Y33.125
G1 X75.664 Y33.125
G1 X71.797 Y27.148
G1 X66.875 Y22.930
G1 X58.438 Y20.469
G1 X53.516 Y21.172
G1 X50.000 Y24.336
G1 X48.242 Y27.500
G1 X47.188 Y32.773
G1 X48.242 Y32.773
G1 X47.188 Y33.477
G1 X47.188 Y34.531
G1 X48.242 Y34.883
G1 X47.188 Y35.234
G1 X47.539 Y36.641
G1 X48.594 Y36.992
G1 X47.891 Y37.344
G1 X52.812 Y43.672
G1 X53.516 Y43.320
G1 X58.086 Y45.430
G1 X61.250 Y45.430
M5

; Path 145/499
G1 X133.320 Y45.781 F3000  ; Travel
M3 S1000
G4 P100  ; Wait for pen
G1 F1500
G1 X134.023 Y46.133
G1 X135.078 Y44.727
G1 X134.023 Y44.375
G1 X133.320 Y45.430
M5

; Path 146/499
G1 X156.875 Y46.133 F3000  ; Travel
M3 S1000
G4 P100  ; Wait for pen
G1 F1500
G1 X158.281 Y45.078
G1 X157.227 Y42.617
G1 X156.172 Y42.266
G1 X156.875 Y45.781
M5

; Path 147/499
G1 X124.531 Y46.484 F3000  ; Travel
M3 S1000
G4 P100  ; Wait for pen
G1 F1500
G1 X125.586 Y46.836
G1 X125.938 Y45.430
G1 X126.289 Y46.133
G1 X129.102 Y44.023
G1 X130.508 Y41.914
G1 X129.102 Y40.859
G1 X130.859 Y39.102
G1 X130.156 Y38.750
G1 X128.398 Y39.805
G1 X128.398 Y41.562
G1 X126.289 Y44.023
G1 X128.047 Y41.211
G1 X126.289 Y41.562
G1 X124.883 Y44.375
G1 X125.938 Y40.508
G1 X125.234 Y39.805
G1 X123.828 Y40.508
G1 X122.773 Y42.266
G1 X123.125 Y43.672
G1 X122.773 Y42.969
G1 X122.070 Y44.023
G1 X122.773 Y45.430
G1 X124.883 Y45.078
G1 X124.883 Y46.133
M5

; Path 148/499
G1 X96.758 Y46.484 F3000  ; Travel
M3 S1000
G4 P100  ; Wait for pen
G1 F1500
G1 X96.055 Y46.133
G1 X97.109 Y45.781
G1 X97.109 Y44.375
G1 X98.867 Y43.672
G1 X98.164 Y42.617
G1 X97.109 Y43.320
G1 X96.406 Y39.453
G1 X96.758 Y40.156
G1 X97.461 Y39.453
G1 X97.109 Y38.398
G1 X98.164 Y36.992
G1 X97.461 Y36.289
G1 X97.812 Y34.883
G1 X96.758 Y34.531
G1 X97.109 Y32.422
G1 X95.703 Y31.016
G1 X96.406 Y30.312
G1 X96.055 Y29.258
G1 X97.461 Y32.422
G1 X97.812 Y36.289
G1 X98.516 Y36.641
G1 X97.109 Y42.266
G1 X97.812 Y42.969
G1 X98.516 Y42.266
G1 X98.164 Y40.859
G1 X99.219 Y41.914
G1 X98.516 Y42.969
G1 X99.219 Y44.023
G1 X97.812 Y44.375
G1 X97.109 Y46.133
M5

; Path 149/499
G1 X114.336 Y46.836 F3000  ; Travel
M3 S1000
G4 P100  ; Wait for pen
G1 F1500
G1 X115.039 Y47.188
G1 X115.391 Y45.781
G1 X114.688 Y45.430
G1 X114.336 Y46.484
M5

; Path 150/499
G1 X144.570 Y47.188 F3000  ; Travel
M3 S1000
G4 P100  ; Wait for pen
G1 F1500
G1 X143.516 Y46.484
G1 X144.922 Y46.133
G1 X144.922 Y46.836
M5

; Path 151/499
G1 X131.914 Y47.188 F3000  ; Travel
M3 S1000
G4 P100  ; Wait for pen
G1 F1500
G1 X131.562 Y46.484
G1 X132.266 Y47.188
G1 X133.320 Y46.133
G1 X132.617 Y44.727
G1 X134.727 Y44.023
G1 X135.781 Y42.617
G1 X135.781 Y43.672
G1 X137.188 Y43.672
G1 X136.484 Y44.727
G1 X135.430 Y43.672
G1 X134.727 Y45.430
G1 X138.594 Y45.430
G1 X135.078 Y45.781
G1 X132.266 Y47.188
M5

; Path 152/499
G1 X50.703 Y47.188 F3000  ; Travel
M3 S1000
G4 P100  ; Wait for pen
G1 F1500
G1 X53.516 Y47.539
G1 X56.328 Y45.430
G1 X53.516 Y44.727
G1 X49.297 Y45.781
G1 X52.461 Y43.320
G1 X51.406 Y42.617
G1 X48.242 Y44.023
G1 X48.242 Y43.320
G1 X50.352 Y42.266
G1 X49.648 Y40.859
G1 X46.484 Y41.211
G1 X45.430 Y42.266
G1 X45.781 Y40.508
G1 X46.836 Y41.211
G1 X46.484 Y40.156
G1 X47.188 Y40.508
G1 X48.242 Y39.453
G1 X47.188 Y37.344
G1 X44.375 Y39.805
G1 X43.320 Y39.453
G1 X42.969 Y40.508
G1 X41.914 Y39.453
G1 X43.320 Y39.102
G1 X42.969 Y38.047
G1 X41.914 Y38.398
G1 X41.211 Y37.695
G1 X42.266 Y37.695
G1 X44.375 Y35.586
G1 X45.078 Y35.938
G1 X45.781 Y35.234
G1 X45.078 Y34.531
G1 X45.781 Y35.234
G1 X46.484 Y34.531
G1 X45.078 Y33.125
G1 X46.484 Y32.773
G1 X46.836 Y30.664
G1 X44.023 Y30.664
G1 X41.211 Y32.070
G1 X42.266 Y32.773
G1 X40.508 Y33.477
G1 X41.211 Y34.180
G1 X42.617 Y34.180
G1 X44.727 Y32.422
G1 X43.672 Y34.180
G1 X44.375 Y34.531
G1 X42.617 Y34.531
G1 X42.969 Y35.234
G1 X41.914 Y35.586
G1 X42.617 Y35.938
G1 X41.211 Y36.641
G1 X40.156 Y32.773
G1 X41.211 Y30.664
G1 X42.617 Y30.664
G1 X42.617 Y28.555
G1 X43.320 Y28.555
G1 X42.617 Y29.609
G1 X43.672 Y30.312
G1 X44.023 Y29.609
G1 X46.484 Y29.961
G1 X47.539 Y28.555
G1 X46.836 Y27.852
G1 X48.242 Y26.094
G1 X46.133 Y25.391
G1 X44.375 Y27.148
G1 X43.672 Y25.742
G1 X41.914 Y26.445
G1 X44.023 Y25.391
G1 X42.969 Y24.336
G1 X42.266 Y25.039
G1 X42.266 Y22.930
G1 X41.562 Y22.578
G1 X40.156 Y26.445
G1 X40.859 Y26.797
G1 X39.102 Y27.148
G1 X40.508 Y27.852
G1 X39.102 Y29.258
G1 X39.453 Y30.312
G1 X39.805 Y29.609
G1 X39.453 Y30.664
G1 X38.750 Y28.906
G1 X37.695 Y29.961
G1 X38.750 Y31.719
G1 X38.047 Y32.773
G1 X42.266 Y42.969
G1 X44.375 Y44.727
G1 X45.078 Y44.023
G1 X45.430 Y45.078
G1 X44.727 Y45.430
G1 X40.508 Y41.914
G1 X39.805 Y42.617
G1 X40.508 Y41.914
G1 X38.047 Y40.508
G1 X37.344 Y41.211
G1 X38.750 Y43.320
G1 X44.375 Y46.484
G1 X46.484 Y46.484
G1 X47.539 Y45.430
G1 X46.836 Y46.836
G1 X50.352 Y47.188
M5

; Path 153/499
G1 X98.516 Y47.539 F3000  ; Travel
M3 S1000
G4 P100  ; Wait for pen
G1 F1500
G1 X99.219 Y46.836
G1 X98.516 Y45.078
G1 X99.219 Y44.727
G1 X98.867 Y46.484
G1 X99.570 Y47.188
G1 X98.867 Y47.539
M5

; Path 154/499
G1 X133.320 Y48.242 F3000  ; Travel
M3 S1000
G4 P100  ; Wait for pen
G1 F1500
G1 X134.375 Y47.188
G1 X135.078 Y47.539
G1 X135.078 Y46.836
G1 X139.648 Y46.484
G1 X140.352 Y45.781
G1 X137.891 Y47.188
G1 X137.539 Y46.484
G1 X133.672 Y47.891
M5

; Path 155/499
G1 X62.305 Y48.242 F3000  ; Travel
M3 S1000
G4 P100  ; Wait for pen
G1 F1500
G1 X64.414 Y48.242
G1 X64.766 Y47.539
G1 X63.359 Y46.484
G1 X62.305 Y47.891
M5

; Path 156/499
G1 X157.578 Y48.594 F3000  ; Travel
M3 S1000
G4 P100  ; Wait for pen
G1 F1500
G1 X158.633 Y47.891
G1 X157.930 Y46.484
G1 X156.523 Y47.188
G1 X157.578 Y48.242
M5

; Path 157/499
G1 X122.422 Y48.594 F3000  ; Travel
M3 S1000
G4 P100  ; Wait for pen
G1 F1500
G1 X123.477 Y47.891
G1 X123.828 Y48.594
G1 X125.234 Y47.188
G1 X123.828 Y45.430
G1 X122.773 Y47.188
G1 X122.773 Y45.430
G1 X120.664 Y46.484
G1 X120.312 Y47.891
G1 X121.016 Y48.594
G1 X122.070 Y48.242
M5

; Path 158/499
G1 X156.172 Y48.945 F3000  ; Travel
M3 S1000
G4 P100  ; Wait for pen
G1 F1500
G1 X157.227 Y48.945
G1 X156.172 Y47.188
G1 X155.820 Y48.945
M5

; Path 159/499
G1 X154.062 Y48.945 F3000  ; Travel
M3 S1000
G4 P100  ; Wait for pen
G1 F1500
G1 X155.117 Y48.945
G1 X154.766 Y47.539
G1 X154.062 Y47.891
G1 X154.414 Y48.594
M5

; Path 160/499
G1 X111.523 Y48.945 F3000  ; Travel
M3 S1000
G4 P100  ; Wait for pen
G1 F1500
G1 X112.578 Y48.945
G1 X111.172 Y47.188
G1 X112.227 Y46.133
G1 X110.117 Y45.430
G1 X111.875 Y45.430
G1 X110.469 Y43.672
G1 X109.766 Y44.375
G1 X109.414 Y43.320
G1 X108.711 Y43.672
G1 X108.008 Y41.914
G1 X109.414 Y43.320
G1 X110.469 Y42.969
G1 X110.820 Y44.023
G1 X111.523 Y42.266
G1 X110.117 Y40.859
G1 X110.820 Y40.859
G1 X110.117 Y38.750
G1 X108.711 Y38.398
G1 X106.250 Y42.266
G1 X109.414 Y47.891
G1 X111.172 Y48.945
M5

; Path 161/499
G1 X156.523 Y50.000 F3000  ; Travel
M3 S1000
G4 P100  ; Wait for pen
G1 F1500
G1 X158.281 Y50.000
G1 X157.578 Y48.945
G1 X156.523 Y49.648
M5

; Path 162/499
G1 X135.781 Y50.000 F3000  ; Travel
M3 S1000
G4 P100  ; Wait for pen
G1 F1500
G1 X136.836 Y50.352
G1 X137.539 Y49.297
G1 X135.430 Y49.648
M5

; Path 163/499
G1 X125.938 Y50.000 F3000  ; Travel
M3 S1000
G4 P100  ; Wait for pen
G1 F1500
G1 X128.047 Y49.648
G1 X129.453 Y47.891
G1 X128.750 Y47.539
G1 X126.289 Y49.648
M5

; Path 164/499
G1 X142.109 Y50.703 F3000  ; Travel
M3 S1000
G4 P100  ; Wait for pen
G1 F1500
G1 X142.109 Y48.945
G1 X142.812 Y48.945
G1 X142.461 Y50.352
M5

; Path 165/499
G1 X153.359 Y51.055 F3000  ; Travel
M3 S1000
G4 P100  ; Wait for pen
G1 F1500
G1 X154.062 Y51.406
G1 X155.117 Y50.352
G1 X153.359 Y50.703
M5

; Path 166/499
G1 X43.320 Y51.055 F3000  ; Travel
M3 S1000
G4 P100  ; Wait for pen
G1 F1500
G1 X43.672 Y50.000
G1 X45.078 Y50.352
G1 X43.672 Y51.055
M5

; Path 167/499
G1 X114.688 Y51.406 F3000  ; Travel
M3 S1000
G4 P100  ; Wait for pen
G1 F1500
G1 X117.148 Y50.000
G1 X115.039 Y51.406
M5

; Path 168/499
G1 X61.602 Y51.758 F3000  ; Travel
M3 S1000
G4 P100  ; Wait for pen
G1 F1500
G1 X62.305 Y52.109
G1 X63.359 Y51.055
G1 X61.953 Y50.703
G1 X61.953 Y51.406
M5

; Path 169/499
G1 X46.133 Y52.109 F3000  ; Travel
M3 S1000
G4 P100  ; Wait for pen
G1 F1500
G1 X45.078 Y51.406
G1 X46.484 Y52.109
M5

; Path 170/499
G1 X40.859 Y52.109 F3000  ; Travel
M3 S1000
G4 P100  ; Wait for pen
G1 F1500
G1 X41.562 Y51.055
G1 X41.914 Y51.758
G1 X41.211 Y52.109
M5

; Path 171/499
G1 X116.094 Y52.461 F3000  ; Travel
M3 S1000
G4 P100  ; Wait for pen
G1 F1500
G1 X119.258 Y49.648
G1 X116.445 Y52.461
M5

; Path 172/499
G1 X114.688 Y52.812 F3000  ; Travel
M3 S1000
G4 P100  ; Wait for pen
G1 F1500
G1 X112.930 Y52.461
G1 X115.039 Y52.812
M5

; Path 173/499
G1 X108.008 Y52.812 F3000  ; Travel
M3 S1000
G4 P100  ; Wait for pen
G1 F1500
G1 X108.711 Y53.164
G1 X111.172 Y50.703
G1 X109.414 Y47.891
G1 X107.305 Y48.242
G1 X108.008 Y47.891
G1 X107.656 Y46.484
G1 X104.844 Y47.891
G1 X104.492 Y50.000
G1 X105.195 Y50.703
G1 X106.250 Y50.000
G1 X108.008 Y52.461
M5

; Path 174/499
G1 X117.148 Y53.164 F3000  ; Travel
M3 S1000
G4 P100  ; Wait for pen
G1 F1500
G1 X120.664 Y50.000
G1 X117.500 Y52.812
M5

; Path 175/499
G1 X44.375 Y53.164 F3000  ; Travel
M3 S1000
G4 P100  ; Wait for pen
G1 F1500
G1 X44.023 Y51.758
G1 X44.375 Y52.812
M5

; Path 176/499
G1 X141.406 Y53.867 F3000  ; Travel
M3 S1000
G4 P100  ; Wait for pen
G1 F1500
G1 X144.219 Y50.352
G1 X143.867 Y48.242
G1 X142.109 Y48.242
G1 X142.461 Y46.484
G1 X142.109 Y47.188
G1 X144.570 Y48.945
G1 X145.977 Y48.594
G1 X145.625 Y47.188
G1 X147.383 Y47.188
G1 X145.273 Y45.078
G1 X143.164 Y45.430
G1 X141.758 Y44.375
G1 X143.164 Y44.375
G1 X143.164 Y45.078
G1 X144.570 Y44.375
G1 X145.977 Y46.133
G1 X147.031 Y45.781
G1 X147.031 Y46.484
G1 X148.086 Y44.727
G1 X146.328 Y44.727
G1 X148.438 Y44.375
G1 X150.195 Y46.484
G1 X149.844 Y47.891
G1 X149.141 Y47.891
G1 X149.844 Y46.484
G1 X148.086 Y45.078
G1 X147.383 Y47.539
G1 X148.438 Y47.891
G1 X147.031 Y47.891
G1 X145.977 Y49.297
G1 X146.680 Y49.648
G1 X145.273 Y49.648
G1 X143.867 Y51.758
G1 X145.977 Y51.758
G1 X143.516 Y51.758
G1 X142.109 Y53.516
G1 X143.164 Y53.867
G1 X141.758 Y53.867
M5

; Path 177/499
G1 X91.484 Y53.867 F3000  ; Travel
M3 S1000
G4 P100  ; Wait for pen
G1 F1500
G1 X93.945 Y52.461
G1 X93.945 Y48.242
G1 X88.672 Y42.969
G1 X92.188 Y44.375
G1 X92.891 Y42.266
G1 X93.594 Y42.617
G1 X94.297 Y41.562
G1 X93.242 Y41.562
G1 X93.945 Y40.859
G1 X93.242 Y36.992
G1 X90.078 Y34.180
G1 X92.188 Y33.125
G1 X92.891 Y28.203
G1 X90.430 Y23.633
G1 X86.562 Y20.469
G1 X85.859 Y21.172
G1 X86.211 Y22.227
G1 X85.156 Y22.227
G1 X85.859 Y23.281
G1 X83.750 Y22.578
G1 X81.289 Y26.797
G1 X82.344 Y27.148
G1 X81.641 Y28.555
G1 X82.344 Y28.203
G1 X81.992 Y30.312
G1 X83.047 Y31.719
G1 X82.344 Y33.828
G1 X83.398 Y34.531
G1 X85.508 Y32.773
G1 X85.156 Y31.367
G1 X83.398 Y30.312
G1 X86.211 Y31.016
G1 X86.211 Y33.125
G1 X88.320 Y35.586
G1 X87.617 Y35.586
G1 X87.617 Y36.641
G1 X89.023 Y36.992
G1 X88.672 Y37.695
G1 X90.430 Y40.156
G1 X90.078 Y42.617
G1 X89.375 Y41.914
G1 X89.727 Y40.859
G1 X88.320 Y39.453
G1 X86.211 Y40.859
G1 X86.211 Y42.266
G1 X87.266 Y42.617
G1 X86.914 Y44.023
G1 X87.969 Y46.484
G1 X91.836 Y51.055
G1 X91.133 Y51.406
G1 X91.484 Y53.516
M5

; Path 178/499
G1 X131.211 Y54.570 F3000  ; Travel
M3 S1000
G4 P100  ; Wait for pen
G1 F1500
G1 X132.617 Y53.867
G1 X132.266 Y54.570
G1 X131.562 Y54.219
M5

; Path 179/499
G1 X121.719 Y54.570 F3000  ; Travel
M3 S1000
G4 P100  ; Wait for pen
G1 F1500
G1 X122.070 Y53.867
G1 X121.016 Y53.164
G1 X119.258 Y54.219
G1 X121.367 Y52.461
G1 X121.016 Y51.758
G1 X117.852 Y53.867
G1 X120.664 Y51.406
G1 X121.719 Y51.758
G1 X121.367 Y53.516
G1 X122.773 Y51.406
G1 X122.422 Y53.516
G1 X124.180 Y51.758
G1 X122.773 Y54.219
G1 X122.070 Y54.219
M5

; Path 180/499
G1 X148.789 Y55.273 F3000  ; Travel
M3 S1000
G4 P100  ; Wait for pen
G1 F1500
G1 X149.492 Y55.625
G1 X149.844 Y54.570
G1 X149.141 Y54.219
G1 X148.789 Y54.922
M5

; Path 181/499
G1 X87.969 Y55.273 F3000  ; Travel
M3 S1000
G4 P100  ; Wait for pen
G1 F1500
G1 X89.023 Y55.625
G1 X90.781 Y54.219
G1 X90.430 Y50.352
G1 X89.375 Y49.297
G1 X87.969 Y49.648
G1 X86.211 Y51.758
G1 X86.211 Y53.164
G1 X87.617 Y54.922
M5

; Path 182/499
G1 X43.320 Y55.625 F3000  ; Travel
M3 S1000
G4 P100  ; Wait for pen
G1 F1500
G1 X44.023 Y55.273
G1 X43.672 Y54.570
G1 X44.023 Y55.273
G1 X45.430 Y54.922
G1 X43.672 Y55.625
M5

; Path 183/499
G1 X122.422 Y55.977 F3000  ; Travel
M3 S1000
G4 P100  ; Wait for pen
G1 F1500
G1 X124.531 Y53.516
G1 X122.773 Y55.625
M5

; Path 184/499
G1 X123.828 Y56.680 F3000  ; Travel
M3 S1000
G4 P100  ; Wait for pen
G1 F1500
G1 X125.234 Y54.570
G1 X124.180 Y56.680
M5

; Path 185/499
G1 X128.398 Y57.383 F3000  ; Travel
M3 S1000
G4 P100  ; Wait for pen
G1 F1500
G1 X126.289 Y52.812
G1 X127.344 Y51.758
G1 X126.992 Y52.461
G1 X127.695 Y52.812
G1 X129.453 Y51.055
G1 X130.508 Y52.109
G1 X132.266 Y50.000
G1 X131.211 Y50.703
G1 X132.266 Y51.406
G1 X132.266 Y52.461
G1 X130.156 Y52.461
G1 X130.156 Y53.516
G1 X128.398 Y53.516
G1 X128.047 Y55.273
G1 X128.750 Y55.273
G1 X128.750 Y56.328
G1 X130.508 Y55.273
G1 X130.508 Y55.977
G1 X132.969 Y55.273
G1 X132.969 Y55.977
G1 X129.102 Y56.680
G1 X128.750 Y57.383
M5

; Path 186/499
G1 X151.250 Y57.734 F3000  ; Travel
M3 S1000
G4 P100  ; Wait for pen
G1 F1500
G1 X151.602 Y55.273
G1 X151.602 Y57.383
M5

; Path 187/499
G1 X67.578 Y57.734 F3000  ; Travel
M3 S1000
G4 P100  ; Wait for pen
G1 F1500
G1 X68.633 Y57.383
G1 X68.281 Y55.625
G1 X67.227 Y57.383
M5

; Path 188/499
G1 X118.203 Y58.086 F3000  ; Travel
M3 S1000
G4 P100  ; Wait for pen
G1 F1500
G1 X120.664 Y58.086
G1 X119.961 Y57.383
G1 X118.555 Y57.734
M5

; Path 189/499
G1 X90.078 Y58.086 F3000  ; Travel
M3 S1000
G4 P100  ; Wait for pen
G1 F1500
G1 X91.484 Y58.438
G1 X93.945 Y55.273
G1 X93.594 Y52.812
G1 X92.188 Y55.273
G1 X91.836 Y54.570
G1 X89.023 Y56.680
G1 X89.727 Y57.734
M5

; Path 190/499
G1 X47.539 Y58.086 F3000  ; Travel
M3 S1000
G4 P100  ; Wait for pen
G1 F1500
G1 X47.891 Y56.328
G1 X47.188 Y57.734
M5

; Path 191/499
G1 X41.211 Y58.438 F3000  ; Travel
M3 S1000
G4 P100  ; Wait for pen
G1 F1500
G1 X40.859 Y57.383
G1 X41.562 Y57.031
G1 X42.266 Y58.086
G1 X41.562 Y58.086
M5

; Path 192/499
G1 X124.180 Y58.789 F3000  ; Travel
M3 S1000
G4 P100  ; Wait for pen
G1 F1500
G1 X126.289 Y55.625
G1 X124.531 Y58.789
M5

; Path 193/499
G1 X141.055 Y59.141 F3000  ; Travel
M3 S1000
G4 P100  ; Wait for pen
G1 F1500
G1 X141.758 Y59.492
G1 X141.758 Y58.438
G1 X143.516 Y57.031
G1 X142.461 Y56.328
G1 X141.055 Y58.789
M5

; Path 194/499
G1 X44.727 Y59.492 F3000  ; Travel
M3 S1000
G4 P100  ; Wait for pen
G1 F1500
G1 X43.320 Y58.789
G1 X44.727 Y58.438
G1 X45.078 Y56.680
G1 X45.078 Y59.492
M5

; Path 195/499
G1 X97.109 Y60.195 F3000  ; Travel
M3 S1000
G4 P100  ; Wait for pen
G1 F1500
G1 X97.109 Y56.328
G1 X97.812 Y56.680
G1 X97.109 Y58.438
G1 X98.164 Y60.195
G1 X97.461 Y59.844
M5

; Path 196/499
G1 X70.391 Y60.195 F3000  ; Travel
M3 S1000
G4 P100  ; Wait for pen
G1 F1500
G1 X71.094 Y60.547
G1 X71.445 Y59.492
G1 X70.391 Y59.844
M5

; Path 197/499
G1 X149.492 Y60.547 F3000  ; Travel
M3 S1000
G4 P100  ; Wait for pen
G1 F1500
G1 X149.844 Y59.844
G1 X150.898 Y60.195
G1 X149.844 Y60.547
M5

; Path 198/499
G1 X70.742 Y60.547 F3000  ; Travel
M3 S1000
G4 P100  ; Wait for pen
G1 F1500
G1 X69.688 Y59.492
G1 X70.391 Y59.844
G1 X73.906 Y57.383
G1 X77.070 Y50.703
G1 X74.961 Y56.328
G1 X72.852 Y58.789
G1 X72.852 Y60.195
G1 X71.797 Y59.492
G1 X71.094 Y60.547
M5

; Path 199/499
G1 X156.172 Y61.250 F3000  ; Travel
M3 S1000
G4 P100  ; Wait for pen
G1 F1500
G1 X155.469 Y60.547
G1 X156.523 Y57.031
G1 X155.820 Y60.898
M5

; Path 200/499
G1 X131.914 Y61.250 F3000  ; Travel
M3 S1000
G4 P100  ; Wait for pen
G1 F1500
G1 X131.211 Y59.844
G1 X129.102 Y60.195
G1 X128.750 Y58.789
G1 X132.266 Y58.789
G1 X133.672 Y57.734
G1 X134.375 Y55.273
G1 X134.023 Y48.945
G1 X140.352 Y47.891
G1 X141.055 Y48.594
G1 X138.242 Y48.242
G1 X137.188 Y49.648
G1 X138.594 Y50.000
G1 X138.945 Y48.945
G1 X140.000 Y50.703
G1 X139.297 Y49.648
G1 X138.594 Y50.703
G1 X135.078 Y50.703
G1 X135.078 Y52.109
G1 X139.297 Y51.758
G1 X135.781 Y52.461
G1 X134.727 Y53.516
G1 X135.078 Y54.219
G1 X135.781 Y53.516
G1 X137.539 Y54.219
G1 X137.188 Y54.922
G1 X136.484 Y54.219
G1 X134.727 Y54.922
G1 X136.133 Y56.328
G1 X134.023 Y57.734
G1 X135.781 Y58.438
G1 X134.023 Y58.438
G1 X134.375 Y59.492
G1 X133.672 Y58.789
G1 X131.562 Y60.898
M5

; Path 201/499
G1 X142.812 Y61.602 F3000  ; Travel
M3 S1000
G4 P100  ; Wait for pen
G1 F1500
G1 X142.812 Y59.492
G1 X143.164 Y61.250
M5

; Path 202/499
G1 X139.648 Y61.602 F3000  ; Travel
M3 S1000
G4 P100  ; Wait for pen
G1 F1500
G1 X140.352 Y61.602
G1 X139.648 Y59.844
G1 X139.297 Y61.250
M5

; Path 203/499
G1 X74.609 Y61.602 F3000  ; Travel
M3 S1000
G4 P100  ; Wait for pen
G1 F1500
G1 X74.258 Y60.195
G1 X77.422 Y55.273
G1 X78.125 Y52.461
G1 X78.828 Y53.164
G1 X79.883 Y52.109
G1 X77.070 Y55.625
G1 X78.125 Y57.734
G1 X79.180 Y53.867
G1 X78.477 Y57.383
G1 X79.531 Y58.789
G1 X79.180 Y60.195
G1 X79.531 Y59.141
G1 X78.477 Y59.141
G1 X77.773 Y57.734
G1 X78.125 Y61.250
G1 X77.070 Y61.602
G1 X77.773 Y59.492
G1 X77.070 Y56.328
G1 X74.609 Y61.250
M5

; Path 204/499
G1 X45.430 Y61.602 F3000  ; Travel
M3 S1000
G4 P100  ; Wait for pen
G1 F1500
G1 X45.781 Y59.844
G1 X46.836 Y59.844
G1 X45.781 Y61.250
M5

; Path 205/499
G1 X73.906 Y63.008 F3000  ; Travel
M3 S1000
G4 P100  ; Wait for pen
G1 F1500
G1 X73.555 Y61.250
G1 X74.258 Y62.656
M5

; Path 206/499
G1 X72.148 Y63.359 F3000  ; Travel
M3 S1000
G4 P100  ; Wait for pen
G1 F1500
G1 X72.148 Y62.305
G1 X73.203 Y63.359
G1 X72.500 Y63.008
M5

; Path 207/499
G1 X140.352 Y63.711 F3000  ; Travel
M3 S1000
G4 P100  ; Wait for pen
G1 F1500
G1 X141.406 Y63.711
G1 X140.703 Y61.602
G1 X140.000 Y63.359
M5

; Path 208/499
G1 X137.188 Y63.711 F3000  ; Travel
M3 S1000
G4 P100  ; Wait for pen
G1 F1500
G1 X138.594 Y63.711
G1 X139.648 Y61.953
G1 X138.945 Y61.250
G1 X137.188 Y63.359
M5

; Path 209/499
G1 X47.539 Y63.711 F3000  ; Travel
M3 S1000
G4 P100  ; Wait for pen
G1 F1500
G1 X47.188 Y62.656
G1 X47.539 Y63.359
G1 X48.242 Y59.844
G1 X48.945 Y59.492
G1 X47.891 Y59.141
G1 X49.297 Y59.141
G1 X49.297 Y60.195
G1 X48.242 Y60.195
G1 X47.891 Y63.359
M5

; Path 210/499
G1 X138.594 Y64.414 F3000  ; Travel
M3 S1000
G4 P100  ; Wait for pen
G1 F1500
G1 X140.000 Y63.008
G1 X138.594 Y64.062
M5

; Path 211/499
G1 X144.922 Y65.469 F3000  ; Travel
M3 S1000
G4 P100  ; Wait for pen
G1 F1500
G1 X146.328 Y63.711
G1 X145.625 Y63.359
G1 X146.328 Y63.711
G1 X147.734 Y62.656
G1 X147.734 Y63.711
G1 X145.273 Y64.414
G1 X145.273 Y65.117
M5

; Path 212/499
G1 X135.430 Y65.469 F3000  ; Travel
M3 S1000
G4 P100  ; Wait for pen
G1 F1500
G1 X136.133 Y64.414
G1 X135.078 Y64.062
G1 X134.727 Y64.766
G1 X135.078 Y63.711
G1 X136.836 Y64.766
G1 X136.133 Y64.414
G1 X135.781 Y65.117
M5

; Path 213/499
G1 X59.141 Y65.469 F3000  ; Travel
M3 S1000
G4 P100  ; Wait for pen
G1 F1500
G1 X60.547 Y65.117
G1 X59.844 Y64.414
G1 X60.547 Y60.898
G1 X59.844 Y59.492
G1 X58.789 Y60.547
G1 X59.141 Y65.117
M5

; Path 214/499
G1 X130.156 Y65.820 F3000  ; Travel
M3 S1000
G4 P100  ; Wait for pen
G1 F1500
G1 X131.914 Y66.172
G1 X134.023 Y63.359
G1 X132.969 Y63.008
G1 X131.562 Y65.469
G1 X130.859 Y63.711
G1 X130.156 Y65.469
M5

; Path 215/499
G1 X76.367 Y65.820 F3000  ; Travel
M3 S1000
G4 P100  ; Wait for pen
G1 F1500
G1 X75.664 Y65.117
G1 X76.367 Y62.305
G1 X77.422 Y62.656
G1 X76.367 Y63.711
G1 X77.070 Y64.766
G1 X76.016 Y65.117
G1 X76.719 Y65.820
M5

; Path 216/499
G1 X147.734 Y66.172 F3000  ; Travel
M3 S1000
G4 P100  ; Wait for pen
G1 F1500
G1 X147.031 Y65.469
G1 X148.086 Y65.117
G1 X148.789 Y65.820
G1 X148.086 Y66.172
M5

; Path 217/499
G1 X74.258 Y66.172 F3000  ; Travel
M3 S1000
G4 P100  ; Wait for pen
G1 F1500
G1 X73.203 Y64.062
G1 X74.258 Y65.820
M5

; Path 218/499
G1 X141.758 Y66.523 F3000  ; Travel
M3 S1000
G4 P100  ; Wait for pen
G1 F1500
G1 X142.109 Y65.117
G1 X143.164 Y64.766
G1 X142.109 Y65.469
G1 X142.109 Y66.523
M5

; Path 219/499
G1 X95.000 Y67.227 F3000  ; Travel
M3 S1000
G4 P100  ; Wait for pen
G1 F1500
G1 X94.648 Y56.328
G1 X95.352 Y57.383
G1 X95.000 Y59.141
G1 X96.055 Y59.492
G1 X95.000 Y59.844
G1 X95.352 Y60.898
G1 X96.055 Y60.547
G1 X95.000 Y61.250
G1 X95.352 Y67.227
M5

; Path 220/499
G1 X48.242 Y67.227 F3000  ; Travel
M3 S1000
G4 P100  ; Wait for pen
G1 F1500
G1 X47.539 Y65.117
G1 X49.297 Y64.414
G1 X47.891 Y65.469
G1 X48.594 Y67.227
M5

; Path 221/499
G1 X66.875 Y67.578 F3000  ; Travel
M3 S1000
G4 P100  ; Wait for pen
G1 F1500
G1 X67.930 Y67.930
G1 X70.039 Y65.117
G1 X67.930 Y61.602
G1 X65.469 Y64.062
G1 X65.820 Y65.117
G1 X66.875 Y65.117
G1 X65.820 Y65.469
G1 X66.523 Y67.227
M5

; Path 222/499
G1 X149.492 Y68.281 F3000  ; Travel
M3 S1000
G4 P100  ; Wait for pen
G1 F1500
G1 X150.195 Y68.633
G1 X150.547 Y67.930
G1 X149.844 Y67.227
G1 X149.141 Y68.281
M5

; Path 223/499
G1 X48.945 Y68.281 F3000  ; Travel
M3 S1000
G4 P100  ; Wait for pen
G1 F1500
G1 X49.648 Y66.875
G1 X50.000 Y67.578
G1 X49.297 Y67.930
M5

; Path 224/499
G1 X47.891 Y68.281 F3000  ; Travel
M3 S1000
G4 P100  ; Wait for pen
G1 F1500
G1 X46.836 Y66.172
G1 X47.188 Y67.578
G1 X48.242 Y67.930
M5

; Path 225/499
G1 X144.570 Y68.633 F3000  ; Travel
M3 S1000
G4 P100  ; Wait for pen
G1 F1500
G1 X144.219 Y67.227
G1 X143.516 Y67.930
G1 X142.812 Y67.227
G1 X146.328 Y65.469
G1 X144.570 Y66.875
G1 X144.922 Y68.281
M5

; Path 226/499
G1 X131.562 Y69.336 F3000  ; Travel
M3 S1000
G4 P100  ; Wait for pen
G1 F1500
G1 X132.617 Y68.984
G1 X132.969 Y65.820
G1 X131.914 Y66.172
G1 X132.266 Y66.875
G1 X131.562 Y66.172
G1 X130.508 Y66.875
G1 X131.562 Y67.578
G1 X131.211 Y68.984
M5

; Path 227/499
G1 X137.188 Y69.688 F3000  ; Travel
M3 S1000
G4 P100  ; Wait for pen
G1 F1500
G1 X138.594 Y69.688
G1 X138.594 Y67.578
G1 X137.539 Y69.336
M5

; Path 228/499
G1 X143.164 Y70.039 F3000  ; Travel
M3 S1000
G4 P100  ; Wait for pen
G1 F1500
G1 X142.109 Y68.633
G1 X143.867 Y68.984
G1 X143.516 Y70.039
M5

; Path 229/499
G1 X48.945 Y70.039 F3000  ; Travel
M3 S1000
G4 P100  ; Wait for pen
G1 F1500
G1 X51.055 Y67.227
G1 X49.297 Y70.039
M5

; Path 230/499
G1 X104.492 Y71.094 F3000  ; Travel
M3 S1000
G4 P100  ; Wait for pen
G1 F1500
G1 X105.898 Y71.094
G1 X105.898 Y68.633
G1 X103.438 Y69.336
G1 X104.141 Y70.742
M5

; Path 231/499
G1 X143.516 Y72.500 F3000  ; Travel
M3 S1000
G4 P100  ; Wait for pen
G1 F1500
G1 X142.812 Y70.742
G1 X144.219 Y71.094
G1 X144.570 Y72.148
G1 X143.867 Y72.500
M5

; Path 232/499
G1 X136.484 Y72.500 F3000  ; Travel
M3 S1000
G4 P100  ; Wait for pen
G1 F1500
G1 X136.484 Y70.742
G1 X136.484 Y72.148
M5

; Path 233/499
G1 X126.641 Y72.852 F3000  ; Travel
M3 S1000
G4 P100  ; Wait for pen
G1 F1500
G1 X126.641 Y72.148
G1 X128.047 Y72.500
G1 X126.992 Y72.852
M5

; Path 234/499
G1 X80.234 Y73.203 F3000  ; Travel
M3 S1000
G4 P100  ; Wait for pen
G1 F1500
G1 X81.289 Y72.500
G1 X79.883 Y72.148
G1 X79.883 Y72.852
M5

; Path 235/499
G1 X98.516 Y73.555 F3000  ; Travel
M3 S1000
G4 P100  ; Wait for pen
G1 F1500
G1 X98.516 Y71.797
G1 X99.219 Y72.148
G1 X98.867 Y73.555
M5

; Path 236/499
G1 X142.461 Y74.609 F3000  ; Travel
M3 S1000
G4 P100  ; Wait for pen
G1 F1500
G1 X143.867 Y74.258
G1 X142.461 Y74.258
M5

; Path 237/499
G1 X141.406 Y74.609 F3000  ; Travel
M3 S1000
G4 P100  ; Wait for pen
G1 F1500
G1 X140.000 Y72.852
G1 X141.055 Y74.258
M5

; Path 238/499
G1 X60.898 Y74.609 F3000  ; Travel
M3 S1000
G4 P100  ; Wait for pen
G1 F1500
G1 X61.953 Y74.258
G1 X60.898 Y70.742
G1 X60.195 Y71.797
G1 X60.195 Y74.258
G1 X60.898 Y73.555
G1 X60.898 Y74.258
M5

; Path 239/499
G1 X125.586 Y74.961 F3000  ; Travel
M3 S1000
G4 P100  ; Wait for pen
G1 F1500
G1 X124.883 Y73.555
G1 X125.938 Y72.852
G1 X125.586 Y70.742
G1 X126.289 Y73.555
G1 X125.586 Y74.609
M5

; Path 240/499
G1 X134.375 Y75.664 F3000  ; Travel
M3 S1000
G4 P100  ; Wait for pen
G1 F1500
G1 X133.672 Y73.203
G1 X134.727 Y69.688
G1 X136.133 Y68.281
G1 X135.781 Y70.039
G1 X135.078 Y70.039
G1 X135.430 Y71.445
G1 X134.023 Y73.203
G1 X134.727 Y73.555
G1 X134.023 Y73.906
G1 X134.727 Y74.258
G1 X134.375 Y75.312
M5

; Path 241/499
G1 X147.383 Y76.367 F3000  ; Travel
M3 S1000
G4 P100  ; Wait for pen
G1 F1500
G1 X148.789 Y76.016
G1 X148.086 Y74.961
G1 X147.383 Y76.016
M5

; Path 242/499
G1 X83.398 Y76.367 F3000  ; Travel
M3 S1000
G4 P100  ; Wait for pen
G1 F1500
G1 X84.453 Y75.664
G1 X83.750 Y75.312
G1 X83.398 Y76.016
M5

; Path 243/499
G1 X51.406 Y76.367 F3000  ; Travel
M3 S1000
G4 P100  ; Wait for pen
G1 F1500
G1 X52.109 Y75.664
G1 X51.406 Y75.312
G1 X52.812 Y75.312
G1 X51.758 Y76.016
M5

; Path 244/499
G1 X126.289 Y76.719 F3000  ; Travel
M3 S1000
G4 P100  ; Wait for pen
G1 F1500
G1 X126.289 Y74.961
G1 X126.641 Y76.367
M5

; Path 245/499
G1 X143.516 Y77.070 F3000  ; Travel
M3 S1000
G4 P100  ; Wait for pen
G1 F1500
G1 X145.273 Y77.070
G1 X144.219 Y74.961
G1 X142.461 Y75.664
G1 X143.516 Y76.719
M5

; Path 246/499
G1 X141.055 Y77.070 F3000  ; Travel
M3 S1000
G4 P100  ; Wait for pen
G1 F1500
G1 X140.352 Y76.016
G1 X141.055 Y75.312
G1 X141.406 Y77.070
M5

; Path 247/499
G1 X80.586 Y77.070 F3000  ; Travel
M3 S1000
G4 P100  ; Wait for pen
G1 F1500
G1 X80.586 Y76.016
G1 X81.641 Y75.664
G1 X80.938 Y76.719
M5

; Path 248/499
G1 X85.859 Y77.422 F3000  ; Travel
M3 S1000
G4 P100  ; Wait for pen
G1 F1500
G1 X86.562 Y77.422
G1 X86.562 Y74.609
G1 X86.914 Y75.664
G1 X89.375 Y73.203
G1 X89.023 Y72.148
G1 X88.320 Y72.500
G1 X88.672 Y71.094
G1 X86.914 Y71.797
G1 X87.266 Y70.391
G1 X85.156 Y70.742
G1 X85.508 Y71.797
G1 X86.211 Y71.445
G1 X83.750 Y74.258
G1 X84.805 Y74.609
G1 X86.562 Y72.500
G1 X84.102 Y76.367
G1 X84.805 Y77.070
G1 X85.508 Y75.664
G1 X85.508 Y77.422
M5

; Path 249/499
G1 X138.945 Y77.773 F3000  ; Travel
M3 S1000
G4 P100  ; Wait for pen
G1 F1500
G1 X138.242 Y77.070
G1 X139.648 Y77.773
G1 X139.648 Y76.016
G1 X140.000 Y77.422
G1 X139.297 Y77.422
M5

; Path 250/499
G1 X100.625 Y77.773 F3000  ; Travel
M3 S1000
G4 P100  ; Wait for pen
G1 F1500
G1 X102.031 Y78.125
G1 X104.844 Y76.719
G1 X104.492 Y73.906
G1 X103.438 Y73.555
G1 X104.141 Y71.445
G1 X102.734 Y68.633
G1 X104.844 Y67.578
G1 X106.250 Y68.281
G1 X111.523 Y64.766
G1 X118.555 Y62.656
G1 X122.070 Y60.547
G1 X123.125 Y61.953
G1 X122.422 Y63.008
G1 X117.500 Y63.359
G1 X111.523 Y65.469
G1 X109.414 Y66.875
G1 X109.766 Y67.578
G1 X108.359 Y67.578
G1 X108.359 Y68.984
G1 X106.250 Y70.391
G1 X109.766 Y71.445
G1 X112.227 Y70.039
G1 X121.016 Y67.578
G1 X124.531 Y64.766
G1 X123.477 Y60.195
G1 X121.016 Y58.086
G1 X119.609 Y58.789
G1 X117.852 Y58.438
G1 X108.711 Y61.953
G1 X104.492 Y65.117
G1 X104.492 Y66.875
G1 X103.789 Y64.766
G1 X100.977 Y62.656
G1 X100.273 Y63.359
G1 X100.625 Y64.766
G1 X102.734 Y66.523
G1 X101.680 Y68.281
G1 X102.031 Y66.875
G1 X100.625 Y66.523
G1 X100.273 Y64.766
G1 X99.570 Y65.117
G1 X99.219 Y67.227
G1 X100.625 Y67.930
G1 X99.922 Y69.336
G1 X101.328 Y72.148
G1 X100.273 Y72.500
G1 X100.273 Y73.555
G1 X101.328 Y74.258
G1 X102.383 Y72.852
G1 X100.273 Y74.961
G1 X99.922 Y76.367
G1 X100.625 Y77.422
M5

; Path 251/499
G1 X61.250 Y77.773 F3000  ; Travel
M3 S1000
G4 P100  ; Wait for pen
G1 F1500
G1 X62.305 Y78.125
G1 X63.359 Y76.367
G1 X61.953 Y75.664
G1 X61.602 Y77.422
M5

; Path 252/499
G1 X48.242 Y78.125 F3000  ; Travel
M3 S1000
G4 P100  ; Wait for pen
G1 F1500
G1 X49.648 Y78.125
G1 X50.703 Y75.664
G1 X49.297 Y75.312
G1 X49.297 Y77.070
G1 X48.242 Y77.773
M5

; Path 253/499
G1 X115.742 Y78.477 F3000  ; Travel
M3 S1000
G4 P100  ; Wait for pen
G1 F1500
G1 X116.797 Y78.125
G1 X116.445 Y76.719
G1 X115.391 Y78.125
M5

; Path 254/499
G1 X114.688 Y78.477 F3000  ; Travel
M3 S1000
G4 P100  ; Wait for pen
G1 F1500
G1 X113.984 Y77.422
G1 X114.688 Y76.719
G1 X114.688 Y78.125
M5

; Path 255/499
G1 X140.000 Y79.883 F3000  ; Travel
M3 S1000
G4 P100  ; Wait for pen
G1 F1500
G1 X140.000 Y78.828
G1 X141.406 Y78.828
G1 X141.758 Y77.773
G1 X143.164 Y78.477
G1 X142.109 Y78.125
G1 X142.109 Y79.180
G1 X140.703 Y78.477
G1 X140.000 Y79.531
M5

; Path 256/499
G1 X120.312 Y79.883 F3000  ; Travel
M3 S1000
G4 P100  ; Wait for pen
G1 F1500
G1 X121.719 Y80.234
G1 X122.070 Y79.180
G1 X121.016 Y79.531
G1 X121.016 Y78.125
G1 X120.312 Y79.531
M5

; Path 257/499
G1 X85.859 Y79.883 F3000  ; Travel
M3 S1000
G4 P100  ; Wait for pen
G1 F1500
G1 X86.562 Y79.883
G1 X87.266 Y77.773
G1 X84.805 Y77.070
G1 X84.102 Y78.477
G1 X84.805 Y79.531
G1 X85.859 Y78.477
G1 X85.508 Y79.531
M5

; Path 258/499
G1 X48.594 Y79.883 F3000  ; Travel
M3 S1000
G4 P100  ; Wait for pen
G1 F1500
G1 X49.297 Y79.180
G1 X48.242 Y78.828
G1 X48.242 Y76.367
G1 X51.406 Y73.555
G1 X51.055 Y74.609
G1 X50.703 Y73.906
G1 X49.648 Y74.961
G1 X50.703 Y75.664
G1 X50.703 Y77.070
G1 X48.945 Y79.883
M5

; Path 259/499
G1 X145.625 Y80.234 F3000  ; Travel
M3 S1000
G4 P100  ; Wait for pen
G1 F1500
G1 X148.086 Y77.773
G1 X147.031 Y76.719
G1 X145.977 Y77.422
G1 X145.625 Y79.883
M5

; Path 260/499
G1 X136.133 Y80.234 F3000  ; Travel
M3 S1000
G4 P100  ; Wait for pen
G1 F1500
G1 X137.539 Y79.883
G1 X136.484 Y79.180
G1 X135.781 Y79.883
M5

; Path 261/499
G1 X96.758 Y80.234 F3000  ; Travel
M3 S1000
G4 P100  ; Wait for pen
G1 F1500
G1 X96.406 Y74.258
G1 X95.352 Y69.336
G1 X94.648 Y68.984
G1 X95.352 Y67.930
G1 X96.406 Y73.203
G1 X97.461 Y73.555
G1 X96.406 Y74.609
G1 X97.109 Y79.883
M5

; Path 262/499
G1 X75.664 Y80.234 F3000  ; Travel
M3 S1000
G4 P100  ; Wait for pen
G1 F1500
G1 X76.719 Y79.883
G1 X76.719 Y78.125
G1 X75.664 Y79.883
M5

; Path 263/499
G1 X144.570 Y80.938 F3000  ; Travel
M3 S1000
G4 P100  ; Wait for pen
G1 F1500
G1 X145.977 Y80.586
G1 X145.273 Y79.531
G1 X144.570 Y80.586
M5

; Path 264/499
G1 X141.758 Y81.289 F3000  ; Travel
M3 S1000
G4 P100  ; Wait for pen
G1 F1500
G1 X140.703 Y79.531
G1 X141.758 Y80.586
G1 X142.461 Y79.883
G1 X143.516 Y80.234
G1 X142.109 Y80.938
M5

; Path 265/499
G1 X80.234 Y81.289 F3000  ; Travel
M3 S1000
G4 P100  ; Wait for pen
G1 F1500
G1 X79.883 Y79.180
G1 X80.586 Y78.828
G1 X80.234 Y80.938
M5

; Path 266/499
G1 X127.344 Y81.641 F3000  ; Travel
M3 S1000
G4 P100  ; Wait for pen
G1 F1500
G1 X128.047 Y80.586
G1 X127.695 Y78.828
G1 X127.344 Y79.883
G1 X127.344 Y77.422
G1 X128.398 Y76.016
G1 X127.695 Y74.258
G1 X126.992 Y74.961
G1 X126.992 Y73.906
G1 X128.398 Y74.258
G1 X128.398 Y76.367
G1 X127.344 Y77.773
G1 X128.398 Y78.828
G1 X127.695 Y81.641
M5

; Path 267/499
G1 X125.586 Y81.641 F3000  ; Travel
M3 S1000
G4 P100  ; Wait for pen
G1 F1500
G1 X125.234 Y80.938
G1 X126.289 Y79.180
G1 X125.234 Y80.938
G1 X125.938 Y81.641
M5

; Path 268/499
G1 X85.156 Y81.641 F3000  ; Travel
M3 S1000
G4 P100  ; Wait for pen
G1 F1500
G1 X85.859 Y81.992
G1 X86.914 Y80.234
G1 X84.805 Y81.289
M5

; Path 269/499
G1 X123.477 Y81.992 F3000  ; Travel
M3 S1000
G4 P100  ; Wait for pen
G1 F1500
G1 X123.125 Y81.289
G1 X124.883 Y79.531
G1 X123.828 Y81.641
M5

; Path 270/499
G1 X54.570 Y81.992 F3000  ; Travel
M3 S1000
G4 P100  ; Wait for pen
G1 F1500
G1 X54.922 Y80.586
G1 X55.977 Y80.938
G1 X54.570 Y81.641
M5

; Path 271/499
G1 X45.078 Y82.344 F3000  ; Travel
M3 S1000
G4 P100  ; Wait for pen
G1 F1500
G1 X45.781 Y82.344
G1 X46.484 Y80.586
G1 X45.430 Y80.234
G1 X45.430 Y77.773
G1 X44.375 Y79.883
G1 X45.078 Y81.992
M5

; Path 272/499
G1 X59.141 Y82.695 F3000  ; Travel
M3 S1000
G4 P100  ; Wait for pen
G1 F1500
G1 X59.844 Y83.047
G1 X60.547 Y81.641
G1 X59.492 Y81.289
G1 X59.141 Y82.344
M5

; Path 273/499
G1 X144.570 Y83.398 F3000  ; Travel
M3 S1000
G4 P100  ; Wait for pen
G1 F1500
G1 X145.625 Y83.047
G1 X144.922 Y81.641
G1 X143.867 Y81.992
G1 X144.570 Y83.047
M5

; Path 274/499
G1 X88.672 Y83.398 F3000  ; Travel
M3 S1000
G4 P100  ; Wait for pen
G1 F1500
G1 X88.320 Y81.641
G1 X88.672 Y83.047
M5

; Path 275/499
G1 X70.742 Y83.398 F3000  ; Travel
M3 S1000
G4 P100  ; Wait for pen
G1 F1500
G1 X71.797 Y83.047
G1 X72.148 Y81.641
G1 X67.578 Y74.609
G1 X68.281 Y73.906
G1 X68.984 Y76.367
G1 X71.797 Y79.531
G1 X72.852 Y77.070
G1 X67.930 Y71.094
G1 X66.172 Y72.148
G1 X67.930 Y70.039
G1 X65.469 Y66.523
G1 X64.766 Y64.062
G1 X67.227 Y60.898
G1 X66.523 Y58.789
G1 X68.281 Y53.867
G1 X68.984 Y53.516
G1 X68.984 Y54.922
G1 X71.094 Y54.570
G1 X73.906 Y51.055
G1 X73.555 Y50.000
G1 X72.500 Y50.703
G1 X73.203 Y50.000
G1 X71.797 Y48.945
G1 X70.039 Y50.000
G1 X70.039 Y52.461
G1 X69.336 Y52.812
G1 X69.688 Y49.297
G1 X71.445 Y47.891
G1 X74.258 Y49.297
G1 X77.422 Y46.836
G1 X77.773 Y47.891
G1 X76.719 Y47.539
G1 X74.609 Y49.648
G1 X74.258 Y52.812
G1 X70.391 Y55.625
G1 X68.633 Y55.273
G1 X68.984 Y57.383
G1 X67.227 Y58.789
G1 X68.633 Y60.195
G1 X67.930 Y60.547
G1 X68.984 Y62.305
G1 X70.391 Y63.008
G1 X70.742 Y65.469
G1 X68.281 Y68.984
G1 X68.281 Y70.742
G1 X73.906 Y77.070
G1 X72.852 Y78.477
G1 X73.555 Y80.234
G1 X74.961 Y77.773
G1 X76.367 Y77.422
G1 X75.664 Y76.367
G1 X74.961 Y77.070
G1 X74.961 Y76.016
G1 X76.016 Y75.312
G1 X72.148 Y71.094
G1 X70.391 Y71.797
G1 X71.797 Y71.094
G1 X73.555 Y67.578
G1 X72.500 Y71.094
G1 X75.664 Y74.258
G1 X76.367 Y73.203
G1 X76.367 Y77.070
G1 X77.773 Y75.312
G1 X77.422 Y74.258
G1 X78.477 Y71.445
G1 X77.070 Y70.742
G1 X76.367 Y72.148
G1 X76.719 Y70.391
G1 X76.016 Y69.688
G1 X74.961 Y70.391
G1 X74.961 Y71.445
G1 X74.258 Y70.391
G1 X75.312 Y70.039
G1 X75.312 Y67.930
G1 X77.422 Y71.094
G1 X78.125 Y70.391
G1 X78.125 Y64.766
G1 X81.992 Y56.328
G1 X81.289 Y55.625
G1 X79.883 Y57.734
G1 X81.289 Y53.867
G1 X80.938 Y52.109
G1 X83.047 Y48.594
G1 X87.266 Y45.430
G1 X85.156 Y40.508
G1 X84.102 Y40.508
G1 X84.102 Y39.805
G1 X85.859 Y40.508
G1 X88.320 Y38.398
G1 X87.266 Y37.695
G1 X87.969 Y38.047
G1 X88.320 Y37.344
G1 X86.914 Y36.289
G1 X84.805 Y38.750
G1 X85.508 Y39.453
G1 X84.102 Y39.102
G1 X87.266 Y34.883
G1 X85.508 Y33.477
G1 X83.047 Y34.883
G1 X81.641 Y38.047
G1 X81.641 Y41.211
G1 X84.102 Y45.430
G1 X84.102 Y46.836
G1 X83.047 Y46.484
G1 X83.398 Y45.781
G1 X81.641 Y43.320
G1 X80.938 Y46.484
G1 X82.695 Y47.891
G1 X80.586 Y46.836
G1 X79.180 Y48.594
G1 X78.477 Y50.703
G1 X79.180 Y51.406
G1 X78.477 Y51.758
G1 X78.125 Y48.594
G1 X78.828 Y48.594
G1 X80.234 Y45.781
G1 X78.477 Y46.133
G1 X79.531 Y44.375
G1 X77.773 Y41.211
G1 X73.555 Y41.914
G1 X72.500 Y43.672
G1 X73.906 Y44.375
G1 X75.664 Y42.969
G1 X75.664 Y45.078
G1 X74.609 Y44.375
G1 X71.445 Y47.188
G1 X70.742 Y45.078
G1 X69.688 Y46.133
G1 X68.984 Y48.242
G1 X67.578 Y49.297
G1 X68.633 Y49.648
G1 X66.172 Y51.758
G1 X66.875 Y53.164
G1 X65.117 Y53.164
G1 X65.117 Y54.570
G1 X64.062 Y55.625
G1 X64.766 Y55.977
G1 X63.359 Y57.031
G1 X64.062 Y57.734
G1 X63.008 Y58.086
G1 X64.062 Y58.789
G1 X62.656 Y60.547
G1 X64.414 Y60.898
G1 X62.305 Y61.602
G1 X63.008 Y62.305
G1 X62.305 Y65.117
G1 X63.359 Y66.523
G1 X63.711 Y69.688
G1 X66.172 Y69.336
G1 X64.062 Y70.742
G1 X65.469 Y72.852
G1 X65.469 Y76.367
G1 X66.875 Y79.531
G1 X70.742 Y83.047
M5

; Path 276/499
G1 X46.484 Y83.398 F3000  ; Travel
M3 S1000
G4 P100  ; Wait for pen
G1 F1500
G1 X47.539 Y83.047
G1 X46.836 Y82.344
G1 X46.133 Y83.047
M5

; Path 277/499
G1 X139.648 Y83.750 F3000  ; Travel
M3 S1000
G4 P100  ; Wait for pen
G1 F1500
G1 X140.352 Y83.047
G1 X139.648 Y81.992
G1 X140.352 Y82.344
G1 X141.055 Y81.289
G1 X141.055 Y82.695
G1 X140.000 Y83.398
M5

; Path 278/499
G1 X138.242 Y83.750 F3000  ; Travel
M3 S1000
G4 P100  ; Wait for pen
G1 F1500
G1 X137.539 Y81.641
G1 X138.242 Y82.344
G1 X139.297 Y80.234
G1 X138.594 Y83.750
M5

; Path 279/499
G1 X115.039 Y84.102 F3000  ; Travel
M3 S1000
G4 P100  ; Wait for pen
G1 F1500
G1 X115.742 Y84.102
G1 X115.391 Y82.695
G1 X114.688 Y83.750
M5

; Path 280/499
G1 X123.828 Y84.453 F3000  ; Travel
M3 S1000
G4 P100  ; Wait for pen
G1 F1500
G1 X124.531 Y83.047
G1 X125.938 Y83.398
G1 X124.180 Y84.102
M5

; Path 281/499
G1 X62.656 Y84.453 F3000  ; Travel
M3 S1000
G4 P100  ; Wait for pen
G1 F1500
G1 X63.711 Y84.453
G1 X63.008 Y82.695
G1 X62.305 Y83.047
G1 X62.656 Y84.102
M5

; Path 282/499
G1 X50.000 Y84.453 F3000  ; Travel
M3 S1000
G4 P100  ; Wait for pen
G1 F1500
G1 X49.648 Y83.047
G1 X50.352 Y82.344
G1 X49.648 Y83.047
G1 X50.352 Y84.102
M5

; Path 283/499
G1 X142.461 Y84.805 F3000  ; Travel
M3 S1000
G4 P100  ; Wait for pen
G1 F1500
G1 X142.109 Y81.992
G1 X142.812 Y84.805
M5

; Path 284/499
G1 X86.211 Y84.805 F3000  ; Travel
M3 S1000
G4 P100  ; Wait for pen
G1 F1500
G1 X87.266 Y84.805
G1 X86.562 Y83.750
G1 X85.859 Y84.453
M5

; Path 285/499
G1 X121.719 Y85.156 F3000  ; Travel
M3 S1000
G4 P100  ; Wait for pen
G1 F1500
G1 X123.125 Y83.750
G1 X122.422 Y83.047
G1 X121.719 Y84.453
G1 X120.664 Y84.453
G1 X121.367 Y85.156
M5

; Path 286/499
G1 X84.805 Y85.156 F3000  ; Travel
M3 S1000
G4 P100  ; Wait for pen
G1 F1500
G1 X85.859 Y85.156
G1 X85.508 Y83.398
G1 X86.562 Y83.047
G1 X85.859 Y82.344
G1 X84.453 Y82.695
G1 X85.156 Y81.641
G1 X84.453 Y80.938
G1 X83.398 Y81.992
G1 X83.047 Y79.883
G1 X84.102 Y80.938
G1 X84.805 Y79.531
G1 X83.750 Y79.180
G1 X84.102 Y77.773
G1 X83.047 Y76.367
G1 X81.641 Y79.883
G1 X83.398 Y84.453
G1 X84.453 Y84.805
M5

; Path 287/499
G1 X39.805 Y85.156 F3000  ; Travel
M3 S1000
G4 P100  ; Wait for pen
G1 F1500
G1 X40.859 Y83.047
G1 X44.375 Y83.750
G1 X41.211 Y83.398
G1 X39.805 Y84.805
M5

; Path 288/499
G1 X81.289 Y85.859 F3000  ; Travel
M3 S1000
G4 P100  ; Wait for pen
G1 F1500
G1 X80.234 Y84.453
G1 X79.531 Y85.156
G1 X79.180 Y83.398
G1 X79.883 Y82.344
G1 X78.828 Y81.289
G1 X78.125 Y81.992
G1 X78.477 Y78.828
G1 X80.234 Y82.344
G1 X79.531 Y83.750
G1 X80.586 Y83.750
G1 X82.344 Y85.508
G1 X81.641 Y85.859
M5

; Path 289/499
G1 X120.664 Y86.211 F3000  ; Travel
M3 S1000
G4 P100  ; Wait for pen
G1 F1500
G1 X122.070 Y86.211
G1 X121.367 Y85.156
G1 X120.664 Y85.859
M5

; Path 290/499
G1 X105.898 Y86.914 F3000  ; Travel
M3 S1000
G4 P100  ; Wait for pen
G1 F1500
G1 X105.195 Y85.508
G1 X106.953 Y84.453
G1 X106.602 Y82.344
G1 X105.195 Y81.289
G1 X103.789 Y83.047
G1 X104.492 Y84.805
G1 X103.086 Y84.102
G1 X103.086 Y82.695
G1 X105.195 Y80.234
G1 X108.008 Y84.102
G1 X105.898 Y86.562
M5

; Path 291/499
G1 X64.414 Y86.914 F3000  ; Travel
M3 S1000
G4 P100  ; Wait for pen
G1 F1500
G1 X65.820 Y86.211
G1 X66.172 Y86.914
G1 X66.523 Y85.859
G1 X65.469 Y85.156
G1 X64.414 Y86.562
M5

; Path 292/499
G1 X45.781 Y86.914 F3000  ; Travel
M3 S1000
G4 P100  ; Wait for pen
G1 F1500
G1 X47.188 Y86.562
G1 X46.484 Y84.805
G1 X45.781 Y86.562
M5

; Path 293/499
G1 X133.672 Y88.320 F3000  ; Travel
M3 S1000
G4 P100  ; Wait for pen
G1 F1500
G1 X135.430 Y86.914
G1 X134.727 Y85.859
G1 X133.672 Y87.969
M5

; Path 294/499
G1 X92.891 Y88.320 F3000  ; Travel
M3 S1000
G4 P100  ; Wait for pen
G1 F1500
G1 X93.945 Y86.211
G1 X92.188 Y86.211
G1 X92.539 Y84.102
G1 X91.133 Y82.695
G1 X91.484 Y81.289
G1 X91.484 Y82.344
G1 X92.539 Y82.344
G1 X92.891 Y80.234
G1 X91.836 Y80.586
G1 X92.891 Y79.180
G1 X93.242 Y80.938
G1 X92.188 Y84.453
G1 X93.242 Y86.211
G1 X93.945 Y85.508
G1 X94.648 Y86.211
G1 X93.594 Y87.617
G1 X93.945 Y88.320
G1 X93.242 Y87.969
M5

; Path 295/499
G1 X40.508 Y88.320 F3000  ; Travel
M3 S1000
G4 P100  ; Wait for pen
G1 F1500
G1 X43.672 Y86.914
G1 X40.859 Y87.969
M5

; Path 296/499
G1 X87.617 Y88.672 F3000  ; Travel
M3 S1000
G4 P100  ; Wait for pen
G1 F1500
G1 X86.914 Y87.617
G1 X87.969 Y88.672
M5

; Path 297/499
G1 X143.164 Y89.023 F3000  ; Travel
M3 S1000
G4 P100  ; Wait for pen
G1 F1500
G1 X141.055 Y86.914
G1 X140.000 Y88.320
G1 X140.000 Y85.859
G1 X138.242 Y84.453
G1 X140.352 Y85.508
G1 X141.055 Y83.398
G1 X141.406 Y84.805
G1 X140.000 Y86.562
G1 X140.703 Y87.266
G1 X141.055 Y86.562
G1 X142.109 Y87.969
G1 X142.109 Y85.859
G1 X142.812 Y85.508
G1 X142.461 Y87.617
G1 X143.516 Y89.023
M5

; Path 298/499
G1 X117.148 Y89.375 F3000  ; Travel
M3 S1000
G4 P100  ; Wait for pen
G1 F1500
G1 X116.094 Y86.562
G1 X116.797 Y87.617
G1 X117.852 Y85.859
G1 X116.797 Y84.805
G1 X117.500 Y84.453
G1 X116.797 Y83.047
G1 X117.500 Y82.344
G1 X117.148 Y81.289
G1 X117.852 Y81.992
G1 X118.203 Y77.422
G1 X118.906 Y78.477
G1 X117.852 Y79.883
G1 X118.203 Y83.047
G1 X117.500 Y84.453
G1 X118.203 Y86.211
G1 X117.148 Y87.266
G1 X117.500 Y89.023
M5

; Path 299/499
G1 X93.594 Y89.375 F3000  ; Travel
M3 S1000
G4 P100  ; Wait for pen
G1 F1500
G1 X94.648 Y88.672
G1 X93.945 Y89.375
M5

; Path 300/499
G1 X144.922 Y90.430 F3000  ; Travel
M3 S1000
G4 P100  ; Wait for pen
G1 F1500
G1 X144.922 Y84.453
G1 X143.164 Y81.992
G1 X144.570 Y81.289
G1 X143.867 Y78.828
G1 X144.922 Y79.883
G1 X145.273 Y77.773
G1 X143.867 Y78.125
G1 X142.461 Y76.719
G1 X142.812 Y74.961
G1 X140.703 Y72.500
G1 X140.703 Y71.445
G1 X139.648 Y71.797
G1 X140.703 Y70.742
G1 X141.055 Y67.578
G1 X142.109 Y67.578
G1 X140.703 Y68.281
G1 X141.406 Y68.984
G1 X140.703 Y71.797
G1 X142.812 Y72.500
G1 X141.406 Y72.852
G1 X142.461 Y74.258
G1 X143.164 Y73.203
G1 X144.219 Y73.906
G1 X143.516 Y74.609
G1 X145.273 Y75.312
G1 X145.625 Y73.203
G1 X144.570 Y72.852
G1 X146.680 Y71.094
G1 X144.922 Y70.391
G1 X146.680 Y70.742
G1 X147.031 Y72.148
G1 X145.625 Y73.555
G1 X145.977 Y74.961
G1 X144.570 Y75.664
G1 X146.328 Y76.367
G1 X147.734 Y74.961
G1 X147.031 Y74.609
G1 X148.086 Y73.555
G1 X147.734 Y71.445
G1 X149.141 Y70.039
G1 X149.492 Y71.094
G1 X151.602 Y70.391
G1 X150.898 Y69.336
G1 X150.547 Y70.039
G1 X149.844 Y69.688
G1 X149.492 Y68.281
G1 X147.383 Y70.391
G1 X146.680 Y68.984
G1 X147.734 Y69.688
G1 X148.438 Y68.281
G1 X146.328 Y68.281
G1 X145.977 Y67.227
G1 X146.680 Y66.523
G1 X145.977 Y67.227
G1 X147.383 Y67.930
G1 X149.844 Y67.227
G1 X149.844 Y65.469
G1 X148.789 Y64.414
G1 X149.844 Y62.656
G1 X148.789 Y61.953
G1 X148.789 Y63.008
G1 X147.734 Y61.250
G1 X148.789 Y60.195
G1 X147.734 Y61.250
G1 X148.438 Y62.305
G1 X150.547 Y61.250
G1 X150.898 Y61.953
G1 X153.359 Y60.195
G1 X153.008 Y58.086
G1 X154.062 Y58.086
G1 X152.656 Y55.977
G1 X153.008 Y54.922
G1 X153.359 Y57.031
G1 X154.766 Y57.734
G1 X153.008 Y61.250
G1 X153.711 Y61.602
G1 X153.359 Y63.359
G1 X152.305 Y61.250
G1 X151.953 Y63.008
G1 X150.898 Y63.359
G1 X151.953 Y62.305
G1 X149.844 Y61.953
G1 X150.195 Y63.359
G1 X148.789 Y64.062
G1 X149.492 Y64.766
G1 X151.250 Y64.062
G1 X151.250 Y65.820
G1 X150.195 Y65.820
G1 X149.492 Y66.875
G1 X151.602 Y66.523
G1 X150.547 Y69.336
G1 X151.953 Y68.984
G1 X151.953 Y65.820
G1 X152.656 Y66.172
G1 X152.656 Y67.930
G1 X151.250 Y69.688
G1 X151.953 Y71.094
G1 X149.844 Y71.094
G1 X149.141 Y72.852
G1 X148.789 Y71.445
G1 X147.734 Y73.906
G1 X148.789 Y74.961
G1 X149.844 Y72.852
G1 X151.602 Y71.797
G1 X149.844 Y72.852
G1 X150.547 Y73.906
G1 X151.602 Y73.203
G1 X150.547 Y75.312
G1 X150.195 Y73.906
G1 X148.789 Y74.961
G1 X149.141 Y76.016
G1 X148.086 Y77.070
G1 X148.789 Y78.477
G1 X148.086 Y78.125
G1 X147.383 Y79.180
G1 X148.086 Y82.695
G1 X147.383 Y81.641
G1 X146.680 Y81.992
G1 X147.383 Y80.938
G1 X146.680 Y80.234
G1 X145.273 Y81.641
G1 X145.977 Y83.750
G1 X144.922 Y84.453
G1 X144.922 Y85.859
G1 X146.680 Y85.156
G1 X146.680 Y82.695
G1 X147.383 Y84.453
G1 X145.625 Y85.859
G1 X145.625 Y86.914
G1 X146.680 Y86.914
G1 X144.922 Y89.375
G1 X145.273 Y90.078
M5

; Path 301/499
G1 X137.539 Y90.430 F3000  ; Travel
M3 S1000
G4 P100  ; Wait for pen
G1 F1500
G1 X138.594 Y90.430
G1 X138.594 Y89.023
G1 X137.539 Y88.320
G1 X137.891 Y90.078
M5

; Path 302/499
G1 X101.328 Y90.430 F3000  ; Travel
M3 S1000
G4 P100  ; Wait for pen
G1 F1500
G1 X103.086 Y90.430
G1 X104.141 Y88.672
G1 X103.086 Y88.320
G1 X102.734 Y89.375
G1 X103.438 Y87.969
G1 X102.031 Y87.617
G1 X102.031 Y86.562
G1 X100.625 Y86.211
G1 X100.273 Y85.156
G1 X99.219 Y87.266
G1 X99.922 Y88.320
G1 X101.680 Y88.320
G1 X101.680 Y90.078
M5

; Path 303/499
G1 X84.805 Y90.430 F3000  ; Travel
M3 S1000
G4 P100  ; Wait for pen
G1 F1500
G1 X85.859 Y90.430
G1 X86.211 Y89.375
G1 X85.508 Y89.023
G1 X84.805 Y90.078
M5

; Path 304/499
G1 X77.070 Y90.430 F3000  ; Travel
M3 S1000
G4 P100  ; Wait for pen
G1 F1500
G1 X74.609 Y87.617
G1 X75.664 Y88.672
G1 X76.367 Y88.320
G1 X74.961 Y86.562
G1 X75.664 Y86.211
G1 X77.773 Y89.023
G1 X76.367 Y89.023
G1 X77.422 Y90.430
M5

; Path 305/499
G1 X73.203 Y90.430 F3000  ; Travel
M3 S1000
G4 P100  ; Wait for pen
G1 F1500
G1 X72.148 Y88.672
G1 X73.203 Y90.078
M5

; Path 306/499
G1 X142.461 Y91.133 F3000  ; Travel
M3 S1000
G4 P100  ; Wait for pen
G1 F1500
G1 X142.812 Y90.430
G1 X141.758 Y89.023
G1 X140.000 Y89.375
G1 X141.055 Y89.375
G1 X141.406 Y88.320
G1 X142.812 Y91.133
M5

; Path 307/499
G1 X122.070 Y91.133 F3000  ; Travel
M3 S1000
G4 P100  ; Wait for pen
G1 F1500
G1 X123.125 Y90.781
G1 X122.422 Y89.727
G1 X124.180 Y87.617
G1 X123.477 Y86.211
G1 X122.070 Y87.969
G1 X122.422 Y89.023
G1 X122.070 Y88.320
G1 X121.719 Y89.375
G1 X121.719 Y87.969
G1 X122.773 Y86.914
G1 X121.719 Y86.562
G1 X119.258 Y89.727
G1 X121.367 Y90.078
G1 X121.719 Y91.133
M5

; Path 308/499
G1 X113.281 Y91.133 F3000  ; Travel
M3 S1000
G4 P100  ; Wait for pen
G1 F1500
G1 X112.578 Y90.078
G1 X112.930 Y90.781
G1 X114.688 Y86.211
G1 X114.688 Y81.289
G1 X116.797 Y80.586
G1 X115.039 Y81.641
G1 X116.094 Y82.344
G1 X116.094 Y84.102
G1 X114.688 Y84.453
G1 X113.633 Y90.781
M5

; Path 309/499
G1 X47.188 Y91.133 F3000  ; Travel
M3 S1000
G4 P100  ; Wait for pen
G1 F1500
G1 X47.188 Y89.023
G1 X47.188 Y90.781
M5

; Path 310/499
G1 X125.234 Y91.836 F3000  ; Travel
M3 S1000
G4 P100  ; Wait for pen
G1 F1500
G1 X125.938 Y91.836
G1 X125.586 Y90.430
G1 X125.234 Y91.484
M5

; Path 311/499
G1 X115.742 Y91.836 F3000  ; Travel
M3 S1000
G4 P100  ; Wait for pen
G1 F1500
G1 X115.039 Y91.484
G1 X116.094 Y90.430
G1 X116.094 Y88.320
G1 X117.148 Y90.781
G1 X116.445 Y90.078
G1 X115.742 Y91.484
M5

; Path 312/499
G1 X143.164 Y92.539 F3000  ; Travel
M3 S1000
G4 P100  ; Wait for pen
G1 F1500
G1 X142.812 Y91.836
G1 X143.867 Y91.484
G1 X144.219 Y92.539
G1 X143.516 Y92.539
M5

; Path 313/499
G1 X103.086 Y92.539 F3000  ; Travel
M3 S1000
G4 P100  ; Wait for pen
G1 F1500
G1 X103.086 Y91.484
G1 X104.492 Y90.781
G1 X104.844 Y92.539
G1 X104.141 Y91.484
G1 X103.086 Y92.188
M5

; Path 314/499
G1 X100.273 Y92.891 F3000  ; Travel
M3 S1000
G4 P100  ; Wait for pen
G1 F1500
G1 X101.680 Y91.836
G1 X100.625 Y92.891
M5

; Path 315/499
G1 X130.508 Y93.242 F3000  ; Travel
M3 S1000
G4 P100  ; Wait for pen
G1 F1500
G1 X131.211 Y93.594
G1 X131.562 Y92.539
G1 X130.156 Y92.891
M5

; Path 316/499
G1 X119.609 Y93.945 F3000  ; Travel
M3 S1000
G4 P100  ; Wait for pen
G1 F1500
G1 X120.312 Y94.297
G1 X120.664 Y92.891
G1 X123.125 Y92.891
G1 X123.477 Y92.188
G1 X121.367 Y90.781
G1 X119.961 Y91.484
G1 X118.906 Y90.078
G1 X119.258 Y92.188
G1 X118.203 Y93.242
G1 X119.609 Y93.594
M5

; Path 317/499
G1 X105.547 Y94.297 F3000  ; Travel
M3 S1000
G4 P100  ; Wait for pen
G1 F1500
G1 X105.547 Y92.539
G1 X106.250 Y93.594
G1 X105.547 Y93.945
M5

; Path 318/499
G1 X113.984 Y95.000 F3000  ; Travel
M3 S1000
G4 P100  ; Wait for pen
G1 F1500
G1 X114.688 Y93.945
G1 X114.336 Y95.000
M5

; Path 319/499
G1 X71.094 Y95.000 F3000  ; Travel
M3 S1000
G4 P100  ; Wait for pen
G1 F1500
G1 X72.500 Y95.352
G1 X72.500 Y93.594
G1 X73.906 Y94.297
G1 X74.609 Y92.539
G1 X76.016 Y92.891
G1 X76.016 Y91.836
G1 X79.883 Y91.836
G1 X79.531 Y90.781
G1 X78.125 Y90.781
G1 X78.477 Y89.375
G1 X79.883 Y91.133
G1 X80.234 Y90.078
G1 X81.289 Y91.484
G1 X82.344 Y91.133
G1 X77.773 Y87.617
G1 X76.367 Y84.805
G1 X76.719 Y83.398
G1 X77.773 Y85.156
G1 X78.477 Y84.805
G1 X79.180 Y86.211
G1 X80.938 Y86.914
G1 X80.234 Y87.617
G1 X77.773 Y85.156
G1 X76.719 Y85.859
G1 X83.398 Y91.484
G1 X84.102 Y90.781
G1 X82.344 Y89.023
G1 X84.102 Y90.078
G1 X84.805 Y89.023
G1 X83.047 Y88.320
G1 X83.750 Y89.023
G1 X84.805 Y88.320
G1 X81.992 Y86.562
G1 X82.695 Y87.266
G1 X83.750 Y86.914
G1 X83.047 Y86.211
G1 X84.453 Y86.914
G1 X83.398 Y87.266
G1 X86.211 Y88.320
G1 X87.266 Y90.078
G1 X89.023 Y89.023
G1 X88.672 Y86.562
G1 X86.914 Y85.508
G1 X86.211 Y86.211
G1 X86.211 Y84.805
G1 X84.453 Y85.508
G1 X83.047 Y84.453
G1 X83.750 Y84.102
G1 X81.992 Y81.992
G1 X81.289 Y79.531
G1 X83.398 Y75.312
G1 X83.398 Y72.852
G1 X84.102 Y73.555
G1 X85.156 Y72.148
G1 X84.805 Y70.742
G1 X81.289 Y73.203
G1 X78.477 Y77.070
G1 X77.070 Y77.773
G1 X77.773 Y78.125
G1 X76.719 Y81.641
G1 X78.477 Y83.750
G1 X77.773 Y83.750
G1 X76.367 Y81.289
G1 X76.016 Y82.695
G1 X74.609 Y83.398
G1 X76.016 Y85.508
G1 X73.906 Y82.695
G1 X73.906 Y81.992
G1 X74.961 Y83.047
G1 X76.016 Y82.344
G1 X75.312 Y81.289
G1 X74.609 Y81.641
G1 X74.609 Y80.938
G1 X75.664 Y80.938
G1 X74.961 Y79.531
G1 X72.148 Y83.750
G1 X72.852 Y84.102
G1 X73.203 Y83.398
G1 X73.555 Y84.102
G1 X72.852 Y84.453
G1 X74.961 Y89.023
G1 X74.258 Y89.727
G1 X75.664 Y91.133
G1 X74.258 Y89.727
G1 X73.906 Y90.430
G1 X74.609 Y89.375
G1 X74.258 Y86.914
G1 X72.852 Y84.805
G1 X71.797 Y84.805
G1 X72.148 Y86.211
G1 X71.445 Y86.914
G1 X73.203 Y88.320
G1 X70.742 Y86.562
G1 X71.094 Y84.102
G1 X67.578 Y81.641
G1 X69.336 Y83.750
G1 X68.984 Y84.453
G1 X70.742 Y87.969
G1 X70.391 Y91.836
G1 X71.445 Y94.648
M5

; Path 320/499
G1 X141.758 Y95.352 F3000  ; Travel
M3 S1000
G4 P100  ; Wait for pen
G1 F1500
G1 X142.109 Y94.297
G1 X141.055 Y91.484
G1 X141.758 Y91.484
G1 X141.406 Y92.891
G1 X142.461 Y95.000
G1 X143.516 Y93.242
G1 X143.516 Y94.297
G1 X142.109 Y95.352
M5

; Path 321/499
G1 X54.570 Y95.352 F3000  ; Travel
M3 S1000
G4 P100  ; Wait for pen
G1 F1500
G1 X55.273 Y94.297
G1 X54.219 Y92.891
G1 X55.625 Y94.297
G1 X54.922 Y95.352
M5

; Path 322/499
G1 X123.477 Y95.703 F3000  ; Travel
M3 S1000
G4 P100  ; Wait for pen
G1 F1500
G1 X124.531 Y95.352
G1 X123.828 Y94.297
G1 X123.477 Y95.352
M5

; Path 323/499
G1 X67.227 Y95.703 F3000  ; Travel
M3 S1000
G4 P100  ; Wait for pen
G1 F1500
G1 X66.172 Y93.242
G1 X67.930 Y94.648
G1 X66.875 Y94.648
G1 X67.578 Y95.703
M5

; Path 324/499
G1 X122.773 Y96.758 F3000  ; Travel
M3 S1000
G4 P100  ; Wait for pen
G1 F1500
G1 X123.828 Y96.758
G1 X123.125 Y95.352
G1 X122.422 Y96.406
M5

; Path 325/499
G1 X58.086 Y96.758 F3000  ; Travel
M3 S1000
G4 P100  ; Wait for pen
G1 F1500
G1 X56.328 Y96.055
G1 X58.086 Y96.055
G1 X56.328 Y93.594
G1 X57.031 Y94.297
G1 X58.086 Y93.945
G1 X57.734 Y95.352
G1 X59.492 Y94.648
G1 X58.438 Y95.703
G1 X59.492 Y96.406
G1 X58.438 Y95.703
G1 X58.086 Y96.406
M5

; Path 326/499
G1 X98.867 Y97.109 F3000  ; Travel
M3 S1000
G4 P100  ; Wait for pen
G1 F1500
G1 X98.516 Y96.406
G1 X99.922 Y96.758
G1 X99.219 Y97.109
M5

; Path 327/499
G1 X107.656 Y97.461 F3000  ; Travel
M3 S1000
G4 P100  ; Wait for pen
G1 F1500
G1 X109.062 Y97.461
G1 X109.414 Y95.000
G1 X108.359 Y95.000
G1 X110.117 Y92.891
G1 X108.711 Y92.188
G1 X108.711 Y93.945
G1 X104.141 Y89.375
G1 X103.438 Y90.781
G1 X101.328 Y90.430
G1 X100.977 Y91.133
G1 X101.328 Y89.023
G1 X100.273 Y88.320
G1 X99.570 Y89.375
G1 X98.867 Y89.023
G1 X99.570 Y88.672
G1 X99.219 Y86.562
G1 X100.273 Y85.156
G1 X98.867 Y84.102
G1 X98.164 Y84.805
G1 X98.516 Y85.859
G1 X98.164 Y83.398
G1 X97.109 Y84.102
G1 X96.406 Y89.375
G1 X96.758 Y87.969
G1 X96.055 Y87.617
G1 X95.703 Y88.320
G1 X95.703 Y85.859
G1 X95.000 Y85.156
G1 X95.352 Y84.453
G1 X96.055 Y85.508
G1 X95.703 Y86.914
G1 X96.406 Y87.266
G1 X97.109 Y83.398
G1 X96.406 Y84.102
G1 X95.000 Y81.641
G1 X93.945 Y84.805
G1 X93.594 Y83.047
G1 X95.000 Y81.289
G1 X95.703 Y81.641
G1 X93.945 Y79.883
G1 X93.945 Y78.125
G1 X91.484 Y78.477
G1 X90.078 Y82.344
G1 X90.781 Y83.398
G1 X90.430 Y84.453
G1 X89.727 Y84.102
G1 X90.430 Y82.695
G1 X89.023 Y82.344
G1 X89.727 Y81.641
G1 X89.023 Y78.125
G1 X90.078 Y80.234
G1 X89.727 Y81.641
G1 X90.430 Y81.992
G1 X91.133 Y77.422
G1 X92.188 Y78.125
G1 X92.539 Y76.719
G1 X91.484 Y76.719
G1 X91.836 Y75.664
G1 X90.781 Y74.961
G1 X90.078 Y77.422
G1 X89.375 Y77.070
G1 X90.078 Y77.070
G1 X89.727 Y75.312
G1 X88.320 Y77.070
G1 X90.430 Y74.258
G1 X89.375 Y73.203
G1 X89.023 Y74.961
G1 X88.320 Y74.258
G1 X87.969 Y75.664
G1 X86.562 Y76.367
G1 X87.617 Y77.070
G1 X86.562 Y79.180
G1 X87.266 Y80.234
G1 X86.562 Y80.938
G1 X87.266 Y81.992
G1 X86.562 Y82.344
G1 X86.914 Y83.750
G1 X90.078 Y86.211
G1 X91.133 Y85.859
G1 X91.484 Y84.453
G1 X91.484 Y85.859
G1 X90.430 Y86.562
G1 X90.781 Y88.320
G1 X89.727 Y88.672
G1 X89.375 Y90.078
G1 X90.781 Y91.133
G1 X91.836 Y90.078
G1 X92.188 Y91.133
G1 X92.891 Y90.781
G1 X92.891 Y91.484
G1 X93.594 Y91.133
G1 X95.000 Y92.188
G1 X96.758 Y91.836
G1 X97.109 Y92.891
G1 X97.812 Y91.836
G1 X99.922 Y93.945
G1 X100.625 Y93.594
G1 X101.680 Y94.648
G1 X104.844 Y95.352
G1 X104.844 Y96.055
G1 X107.305 Y97.109
M5

; Path 328/499
G1 X140.000 Y98.164 F3000  ; Travel
M3 S1000
G4 P100  ; Wait for pen
G1 F1500
G1 X141.055 Y98.164
G1 X140.352 Y96.406
G1 X139.297 Y96.758
G1 X139.648 Y97.812
M5

; Path 329/499
G1 X54.570 Y98.164 F3000  ; Travel
M3 S1000
G4 P100  ; Wait for pen
G1 F1500
G1 X53.516 Y96.406
G1 X54.570 Y96.406
G1 X54.570 Y97.812
M5

; Path 330/499
G1 X144.219 Y98.516 F3000  ; Travel
M3 S1000
G4 P100  ; Wait for pen
G1 F1500
G1 X144.922 Y98.867
G1 X147.031 Y96.758
G1 X147.031 Y94.297
G1 X144.219 Y98.164
M5

; Path 331/499
G1 X127.695 Y99.219 F3000  ; Travel
M3 S1000
G4 P100  ; Wait for pen
G1 F1500
G1 X127.344 Y97.109
G1 X128.047 Y97.109
G1 X127.344 Y98.164
G1 X128.047 Y99.219
M5

; Path 332/499
G1 X79.180 Y99.219 F3000  ; Travel
M3 S1000
G4 P100  ; Wait for pen
G1 F1500
G1 X78.125 Y98.164
G1 X78.477 Y96.758
G1 X77.422 Y96.055
G1 X78.477 Y94.648
G1 X78.828 Y97.461
G1 X80.234 Y98.867
G1 X79.531 Y99.219
M5

; Path 333/499
G1 X150.547 Y99.570 F3000  ; Travel
M3 S1000
G4 P100  ; Wait for pen
G1 F1500
G1 X150.898 Y97.812
G1 X150.898 Y99.219
M5

; Path 334/499
G1 X124.883 Y99.570 F3000  ; Travel
M3 S1000
G4 P100  ; Wait for pen
G1 F1500
G1 X126.289 Y99.219
G1 X125.586 Y97.461
G1 X124.883 Y99.219
M5

; Path 335/499
G1 X132.266 Y100.273 F3000  ; Travel
M3 S1000
G4 P100  ; Wait for pen
G1 F1500
G1 X131.562 Y99.570
G1 X130.508 Y99.922
G1 X130.859 Y98.164
G1 X131.211 Y99.570
G1 X131.914 Y98.164
G1 X131.914 Y99.922
M5

; Path 336/499
G1 X85.859 Y100.273 F3000  ; Travel
M3 S1000
G4 P100  ; Wait for pen
G1 F1500
G1 X86.562 Y100.625
G1 X86.914 Y99.219
G1 X85.859 Y99.922
M5

; Path 337/499
G1 X59.141 Y100.273 F3000  ; Travel
M3 S1000
G4 P100  ; Wait for pen
G1 F1500
G1 X55.273 Y97.812
G1 X55.625 Y96.406
G1 X57.031 Y98.516
G1 X57.734 Y97.461
G1 X59.141 Y99.922
M5

; Path 338/499
G1 X65.117 Y100.625 F3000  ; Travel
M3 S1000
G4 P100  ; Wait for pen
G1 F1500
G1 X64.766 Y99.219
G1 X65.469 Y99.219
G1 X65.469 Y100.273
M5

; Path 339/499
G1 X128.047 Y100.977 F3000  ; Travel
M3 S1000
G4 P100  ; Wait for pen
G1 F1500
G1 X129.102 Y98.867
G1 X128.047 Y100.625
M5

; Path 340/499
G1 X43.320 Y101.328 F3000  ; Travel
M3 S1000
G4 P100  ; Wait for pen
G1 F1500
G1 X42.266 Y98.867
G1 X43.672 Y101.328
M5

; Path 341/499
G1 X149.492 Y102.383 F3000  ; Travel
M3 S1000
G4 P100  ; Wait for pen
G1 F1500
G1 X150.898 Y100.273
G1 X149.844 Y102.031
M5

; Path 342/499
G1 X98.867 Y102.734 F3000  ; Travel
M3 S1000
G4 P100  ; Wait for pen
G1 F1500
G1 X99.922 Y103.086
G1 X100.977 Y102.031
G1 X102.383 Y95.703
G1 X100.625 Y95.352
G1 X99.922 Y96.055
G1 X100.273 Y95.352
G1 X97.461 Y93.594
G1 X93.594 Y93.242
G1 X94.297 Y92.891
G1 X89.727 Y91.484
G1 X87.969 Y91.484
G1 X88.320 Y92.188
G1 X87.266 Y92.891
G1 X87.969 Y92.188
G1 X87.266 Y91.484
G1 X85.156 Y91.836
G1 X82.344 Y93.945
G1 X81.992 Y100.625
G1 X82.695 Y101.328
G1 X85.156 Y100.625
G1 X84.453 Y95.000
G1 X85.508 Y92.891
G1 X86.562 Y92.891
G1 X85.156 Y94.648
G1 X85.156 Y97.461
G1 X86.211 Y99.219
G1 X86.914 Y98.516
G1 X86.211 Y94.648
G1 X86.914 Y95.352
G1 X87.969 Y93.945
G1 X86.914 Y95.352
G1 X86.914 Y98.164
G1 X88.320 Y101.328
G1 X90.781 Y101.680
G1 X91.836 Y100.625
G1 X90.078 Y97.812
G1 X90.078 Y95.703
G1 X92.188 Y93.945
G1 X90.430 Y96.055
G1 X91.133 Y98.164
G1 X93.242 Y97.461
G1 X91.484 Y98.867
G1 X92.188 Y100.273
G1 X93.594 Y100.273
G1 X96.055 Y102.031
G1 X97.461 Y101.328
G1 X97.812 Y99.570
G1 X96.406 Y97.109
G1 X95.352 Y96.758
G1 X95.000 Y98.516
G1 X93.945 Y97.812
G1 X94.648 Y97.461
G1 X94.297 Y95.352
G1 X95.352 Y95.000
G1 X98.867 Y100.273
G1 X97.812 Y101.680
G1 X98.516 Y102.383
M5

; Path 343/499
G1 X140.000 Y103.086 F3000  ; Travel
M3 S1000
G4 P100  ; Wait for pen
G1 F1500
G1 X138.594 Y102.031
G1 X136.484 Y95.703
G1 X135.078 Y95.352
G1 X135.781 Y94.648
G1 X136.484 Y95.703
G1 X137.188 Y95.352
G1 X137.539 Y98.867
G1 X140.352 Y103.086
G1 X140.703 Y102.383
G1 X140.352 Y103.086
M5

; Path 344/499
G1 X71.094 Y103.086 F3000  ; Travel
M3 S1000
G4 P100  ; Wait for pen
G1 F1500
G1 X70.742 Y100.977
G1 X71.445 Y101.680
G1 X71.094 Y102.734
M5

; Path 345/499
G1 X55.977 Y103.086 F3000  ; Travel
M3 S1000
G4 P100  ; Wait for pen
G1 F1500
G1 X53.516 Y99.922
G1 X54.922 Y99.922
G1 X53.516 Y98.516
G1 X54.922 Y98.867
G1 X55.625 Y100.625
G1 X54.922 Y99.922
G1 X54.570 Y100.977
G1 X56.680 Y100.977
G1 X55.977 Y101.328
G1 X57.031 Y102.031
G1 X56.328 Y103.086
M5

; Path 346/499
G1 X52.812 Y103.086 F3000  ; Travel
M3 S1000
G4 P100  ; Wait for pen
G1 F1500
G1 X53.516 Y103.438
G1 X53.867 Y102.734
G1 X53.164 Y102.031
G1 X52.461 Y102.734
M5

; Path 347/499
G1 X121.719 Y103.789 F3000  ; Travel
M3 S1000
G4 P100  ; Wait for pen
G1 F1500
G1 X122.773 Y103.789
G1 X123.125 Y101.680
G1 X122.422 Y100.625
G1 X123.477 Y100.625
G1 X123.477 Y98.516
G1 X124.883 Y98.516
G1 X124.883 Y96.406
G1 X126.641 Y95.352
G1 X126.289 Y94.648
G1 X123.828 Y96.055
G1 X123.828 Y97.812
G1 X122.773 Y97.109
G1 X122.422 Y98.164
G1 X121.016 Y98.516
G1 X120.664 Y101.680
G1 X121.719 Y102.734
G1 X121.367 Y103.438
M5

; Path 348/499
G1 X101.328 Y103.789 F3000  ; Travel
M3 S1000
G4 P100  ; Wait for pen
G1 F1500
G1 X103.086 Y103.438
G1 X103.086 Y99.570
G1 X102.383 Y98.867
G1 X101.328 Y99.922
G1 X100.977 Y103.438
M5

; Path 349/499
G1 X141.758 Y104.141 F3000  ; Travel
M3 S1000
G4 P100  ; Wait for pen
G1 F1500
G1 X142.812 Y103.438
G1 X142.109 Y103.086
G1 X141.758 Y103.789
M5

; Path 350/499
G1 X49.297 Y104.141 F3000  ; Travel
M3 S1000
G4 P100  ; Wait for pen
G1 F1500
G1 X45.078 Y101.680
G1 X49.648 Y104.141
M5

; Path 351/499
G1 X80.938 Y104.492 F3000  ; Travel
M3 S1000
G4 P100  ; Wait for pen
G1 F1500
G1 X81.289 Y103.438
G1 X82.695 Y103.438
G1 X81.289 Y104.141
M5

; Path 352/499
G1 X122.773 Y104.844 F3000  ; Travel
M3 S1000
G4 P100  ; Wait for pen
G1 F1500
G1 X123.477 Y105.195
G1 X123.828 Y104.492
G1 X122.773 Y103.789
G1 X122.422 Y104.492
M5

; Path 353/499
G1 X64.766 Y104.844 F3000  ; Travel
M3 S1000
G4 P100  ; Wait for pen
G1 F1500
G1 X63.008 Y96.758
G1 X63.359 Y94.297
G1 X65.469 Y91.836
G1 X64.062 Y93.594
G1 X65.469 Y95.703
G1 X64.062 Y94.297
G1 X63.359 Y96.758
G1 X66.523 Y97.109
G1 X66.875 Y96.406
G1 X67.578 Y97.461
G1 X64.766 Y96.758
G1 X64.766 Y97.812
G1 X64.062 Y97.109
G1 X63.359 Y97.812
G1 X64.062 Y101.328
G1 X65.469 Y101.680
G1 X64.766 Y102.383
G1 X65.117 Y104.492
M5

; Path 354/499
G1 X45.430 Y104.844 F3000  ; Travel
M3 S1000
G4 P100  ; Wait for pen
G1 F1500
G1 X44.375 Y103.438
G1 X45.430 Y104.492
M5

; Path 355/499
G1 X138.242 Y106.250 F3000  ; Travel
M3 S1000
G4 P100  ; Wait for pen
G1 F1500
G1 X137.188 Y104.141
G1 X137.539 Y104.844
G1 X138.242 Y104.492
G1 X138.594 Y106.250
M5

; Path 356/499
G1 X54.922 Y106.250 F3000  ; Travel
M3 S1000
G4 P100  ; Wait for pen
G1 F1500
G1 X55.977 Y106.250
G1 X54.922 Y104.844
G1 X54.570 Y105.898
M5

; Path 357/499
G1 X116.445 Y106.602 F3000  ; Travel
M3 S1000
G4 P100  ; Wait for pen
G1 F1500
G1 X118.203 Y106.602
G1 X116.797 Y105.195
G1 X116.445 Y106.250
M5

; Path 358/499
G1 X73.906 Y106.602 F3000  ; Travel
M3 S1000
G4 P100  ; Wait for pen
G1 F1500
G1 X73.906 Y105.898
G1 X76.719 Y104.844
G1 X77.773 Y105.195
G1 X78.125 Y104.492
G1 X77.773 Y105.195
G1 X75.312 Y105.195
G1 X74.258 Y106.602
M5

; Path 359/499
G1 X46.836 Y106.953 F3000  ; Travel
M3 S1000
G4 P100  ; Wait for pen
G1 F1500
G1 X45.430 Y105.547
G1 X47.891 Y106.953
G1 X47.188 Y106.953
M5

; Path 360/499
G1 X144.570 Y107.305 F3000  ; Travel
M3 S1000
G4 P100  ; Wait for pen
G1 F1500
G1 X144.922 Y105.195
G1 X144.570 Y106.953
M5

; Path 361/499
G1 X135.781 Y107.305 F3000  ; Travel
M3 S1000
G4 P100  ; Wait for pen
G1 F1500
G1 X134.375 Y106.602
G1 X134.023 Y105.195
G1 X135.430 Y105.195
G1 X134.727 Y105.898
G1 X135.430 Y106.953
G1 X136.836 Y105.547
G1 X136.133 Y106.953
M5

; Path 362/499
G1 X127.344 Y107.305 F3000  ; Travel
M3 S1000
G4 P100  ; Wait for pen
G1 F1500
G1 X130.156 Y107.656
G1 X130.859 Y106.953
G1 X129.453 Y106.250
G1 X130.156 Y104.141
G1 X128.398 Y104.844
G1 X125.938 Y102.734
G1 X125.234 Y103.086
G1 X125.234 Y101.680
G1 X126.641 Y100.273
G1 X124.180 Y99.922
G1 X124.180 Y101.680
G1 X122.773 Y103.438
G1 X123.477 Y104.141
G1 X124.180 Y102.734
G1 X123.828 Y104.844
G1 X125.586 Y106.250
G1 X126.289 Y105.547
G1 X125.586 Y104.492
G1 X127.695 Y105.898
G1 X128.750 Y105.547
G1 X127.344 Y105.898
G1 X126.641 Y105.195
G1 X126.289 Y106.602
G1 X127.344 Y106.953
M5

; Path 363/499
G1 X70.039 Y107.305 F3000  ; Travel
M3 S1000
G4 P100  ; Wait for pen
G1 F1500
G1 X69.688 Y105.898
G1 X70.391 Y107.305
M5

; Path 364/499
G1 X54.570 Y107.656 F3000  ; Travel
M3 S1000
G4 P100  ; Wait for pen
G1 F1500
G1 X55.273 Y107.305
G1 X52.812 Y103.086
G1 X49.297 Y99.570
G1 X48.945 Y100.625
G1 X46.484 Y94.297
G1 X46.133 Y96.758
G1 X47.188 Y99.922
G1 X51.758 Y103.438
G1 X54.219 Y107.305
M5

; Path 365/499
G1 X118.555 Y108.359 F3000  ; Travel
M3 S1000
G4 P100  ; Wait for pen
G1 F1500
G1 X118.906 Y106.602
G1 X120.312 Y106.953
G1 X118.906 Y108.359
M5

; Path 366/499
G1 X64.766 Y108.359 F3000  ; Travel
M3 S1000
G4 P100  ; Wait for pen
G1 F1500
G1 X65.469 Y107.656
G1 X64.414 Y107.305
G1 X65.469 Y105.547
G1 X64.766 Y106.250
G1 X65.117 Y108.359
M5

; Path 367/499
G1 X62.656 Y108.359 F3000  ; Travel
M3 S1000
G4 P100  ; Wait for pen
G1 F1500
G1 X61.953 Y106.953
G1 X62.656 Y106.953
G1 X63.359 Y104.492
G1 X62.656 Y108.008
M5

; Path 368/499
G1 X122.773 Y110.117 F3000  ; Travel
M3 S1000
G4 P100  ; Wait for pen
G1 F1500
G1 X121.367 Y109.766
G1 X121.719 Y108.711
G1 X123.125 Y108.711
G1 X123.125 Y110.117
M5

; Path 369/499
G1 X127.695 Y110.469 F3000  ; Travel
M3 S1000
G4 P100  ; Wait for pen
G1 F1500
G1 X128.750 Y109.414
G1 X131.211 Y109.414
G1 X132.617 Y108.359
G1 X130.508 Y109.766
G1 X130.859 Y110.469
G1 X129.805 Y109.766
G1 X128.047 Y110.469
M5

; Path 370/499
G1 X89.727 Y110.469 F3000  ; Travel
M3 S1000
G4 P100  ; Wait for pen
G1 F1500
G1 X91.484 Y110.469
G1 X93.594 Y108.711
G1 X93.945 Y107.305
G1 X92.539 Y105.195
G1 X90.430 Y106.250
G1 X92.539 Y106.602
G1 X91.836 Y108.008
G1 X90.078 Y106.250
G1 X88.320 Y108.008
G1 X89.023 Y106.953
G1 X87.969 Y105.898
G1 X87.617 Y106.602
G1 X87.266 Y105.898
G1 X86.211 Y106.250
G1 X86.211 Y106.953
G1 X85.508 Y106.953
G1 X85.156 Y105.547
G1 X83.398 Y106.250
G1 X85.156 Y109.062
G1 X89.375 Y110.469
M5

; Path 371/499
G1 X59.141 Y111.523 F3000  ; Travel
M3 S1000
G4 P100  ; Wait for pen
G1 F1500
G1 X59.844 Y111.172
G1 X58.789 Y109.414
G1 X55.625 Y106.602
G1 X55.977 Y108.359
G1 X58.789 Y111.172
M5

; Path 372/499
G1 X75.664 Y111.875 F3000  ; Travel
M3 S1000
G4 P100  ; Wait for pen
G1 F1500
G1 X76.367 Y111.172
G1 X74.961 Y110.117
G1 X76.367 Y109.766
G1 X76.016 Y111.523
M5

; Path 373/499
G1 X117.852 Y112.227 F3000  ; Travel
M3 S1000
G4 P100  ; Wait for pen
G1 F1500
G1 X118.555 Y112.227
G1 X118.555 Y110.469
G1 X117.852 Y111.875
M5

; Path 374/499
G1 X132.969 Y113.984 F3000  ; Travel
M3 S1000
G4 P100  ; Wait for pen
G1 F1500
G1 X134.023 Y113.281
G1 X133.320 Y112.930
G1 X133.672 Y111.875
G1 X132.266 Y112.930
G1 X132.617 Y113.984
M5

; Path 375/499
G1 X121.367 Y116.094 F3000  ; Travel
M3 S1000
G4 P100  ; Wait for pen
G1 F1500
G1 X123.477 Y114.688
G1 X122.773 Y114.336
G1 X121.367 Y115.742
M5

; Path 376/499
G1 X104.141 Y116.445 F3000  ; Travel
M3 S1000
G4 P100  ; Wait for pen
G1 F1500
G1 X102.383 Y115.391
G1 X98.516 Y115.039
G1 X104.141 Y115.039
G1 X105.898 Y113.633
G1 X106.602 Y110.117
G1 X104.141 Y108.359
G1 X100.273 Y108.008
G1 X102.383 Y110.117
G1 X104.844 Y110.820
G1 X104.844 Y111.523
G1 X100.273 Y111.172
G1 X99.922 Y112.227
G1 X97.812 Y111.875
G1 X97.109 Y112.578
G1 X98.164 Y112.930
G1 X97.109 Y113.633
G1 X97.109 Y112.227
G1 X96.055 Y111.523
G1 X94.648 Y112.578
G1 X96.406 Y113.633
G1 X93.945 Y112.930
G1 X93.594 Y113.984
G1 X92.891 Y112.930
G1 X90.430 Y112.930
G1 X95.000 Y111.875
G1 X97.109 Y109.414
G1 X96.406 Y110.469
G1 X97.461 Y111.523
G1 X100.273 Y110.820
G1 X101.328 Y109.766
G1 X98.516 Y106.602
G1 X105.547 Y108.359
G1 X106.250 Y109.414
G1 X108.359 Y109.414
G1 X111.875 Y111.875
G1 X113.281 Y110.820
G1 X113.633 Y106.250
G1 X113.633 Y109.414
G1 X114.336 Y109.414
G1 X113.281 Y112.578
G1 X111.523 Y111.875
G1 X111.172 Y112.930
G1 X110.117 Y110.820
G1 X107.656 Y110.117
G1 X106.602 Y112.227
G1 X107.656 Y112.578
G1 X106.953 Y113.633
G1 X108.359 Y114.688
G1 X106.953 Y115.391
G1 X108.711 Y116.094
G1 X105.547 Y114.336
G1 X105.547 Y115.742
G1 X103.789 Y116.094
G1 X104.492 Y116.445
M5

; Path 377/499
G1 X55.273 Y116.797 F3000  ; Travel
M3 S1000
G4 P100  ; Wait for pen
G1 F1500
G1 X52.461 Y107.656
G1 X55.273 Y114.688
G1 X55.273 Y116.445
M5

; Path 378/499
G1 X126.992 Y118.555 F3000  ; Travel
M3 S1000
G4 P100  ; Wait for pen
G1 F1500
G1 X127.695 Y118.555
G1 X127.344 Y117.148
G1 X126.641 Y118.203
M5

; Path 379/499
G1 X117.500 Y118.906 F3000  ; Travel
M3 S1000
G4 P100  ; Wait for pen
G1 F1500
G1 X118.555 Y118.906
G1 X118.203 Y116.094
G1 X119.258 Y112.578
G1 X117.500 Y114.336
G1 X117.500 Y118.555
M5

; Path 380/499
G1 X73.555 Y119.258 F3000  ; Travel
M3 S1000
G4 P100  ; Wait for pen
G1 F1500
G1 X75.312 Y116.445
G1 X77.070 Y116.094
G1 X77.070 Y115.391
G1 X78.477 Y115.742
G1 X79.531 Y114.688
G1 X74.961 Y117.500
G1 X73.906 Y119.258
M5

; Path 381/499
G1 X81.992 Y119.609 F3000  ; Travel
M3 S1000
G4 P100  ; Wait for pen
G1 F1500
G1 X83.750 Y118.555
G1 X84.805 Y116.797
G1 X84.453 Y116.094
G1 X82.695 Y116.797
G1 X81.992 Y119.258
M5

; Path 382/499
G1 X112.930 Y119.961 F3000  ; Travel
M3 S1000
G4 P100  ; Wait for pen
G1 F1500
G1 X112.227 Y117.500
G1 X109.414 Y114.688
G1 X111.172 Y113.984
G1 X110.820 Y115.039
G1 X112.227 Y116.094
G1 X112.930 Y119.609
M5

; Path 383/499
G1 X66.523 Y119.961 F3000  ; Travel
M3 S1000
G4 P100  ; Wait for pen
G1 F1500
G1 X64.414 Y117.500
G1 X64.414 Y115.742
G1 X63.711 Y116.094
G1 X63.359 Y115.391
G1 X64.062 Y115.039
G1 X63.008 Y112.930
G1 X62.305 Y112.930
G1 X62.305 Y111.523
G1 X61.602 Y111.523
G1 X59.844 Y106.953
G1 X60.195 Y103.438
G1 X60.898 Y103.086
G1 X60.195 Y102.734
G1 X59.844 Y99.219
G1 X61.250 Y93.594
G1 X60.898 Y91.836
G1 X61.250 Y90.078
G1 X63.008 Y89.023
G1 X63.008 Y90.430
G1 X62.305 Y89.727
G1 X61.602 Y90.430
G1 X61.602 Y92.188
G1 X64.414 Y90.430
G1 X65.469 Y90.781
G1 X64.062 Y91.133
G1 X61.602 Y93.594
G1 X61.250 Y95.352
G1 X61.953 Y96.055
G1 X61.250 Y96.758
G1 X61.953 Y96.758
G1 X63.359 Y102.734
G1 X62.656 Y102.734
G1 X61.953 Y104.492
G1 X63.008 Y101.680
G1 X61.602 Y99.219
G1 X61.953 Y97.461
G1 X61.250 Y97.109
G1 X60.195 Y99.219
G1 X61.602 Y101.680
G1 X60.898 Y104.492
G1 X61.953 Y105.898
G1 X61.250 Y107.305
G1 X61.250 Y106.250
G1 X60.547 Y106.250
G1 X60.547 Y107.656
G1 X61.602 Y109.766
G1 X62.305 Y109.062
G1 X61.602 Y110.117
G1 X63.359 Y113.984
G1 X64.766 Y114.336
G1 X64.062 Y115.039
G1 X64.766 Y116.445
G1 X65.469 Y115.391
G1 X65.117 Y117.500
G1 X65.820 Y117.148
G1 X65.469 Y117.852
G1 X66.523 Y119.609
M5

; Path 384/499
G1 X135.781 Y120.312 F3000  ; Travel
M3 S1000
G4 P100  ; Wait for pen
G1 F1500
G1 X137.188 Y117.500
G1 X136.133 Y119.961
M5

; Path 385/499
G1 X121.719 Y120.312 F3000  ; Travel
M3 S1000
G4 P100  ; Wait for pen
G1 F1500
G1 X122.422 Y117.148
G1 X125.234 Y115.391
G1 X122.070 Y118.555
G1 X122.070 Y119.961
M5

; Path 386/499
G1 X79.531 Y120.664 F3000  ; Travel
M3 S1000
G4 P100  ; Wait for pen
G1 F1500
G1 X80.234 Y121.016
G1 X80.938 Y119.961
G1 X80.234 Y118.906
G1 X79.531 Y120.312
M5

; Path 387/499
G1 X123.125 Y122.070 F3000  ; Travel
M3 S1000
G4 P100  ; Wait for pen
G1 F1500
G1 X124.531 Y121.016
G1 X123.125 Y121.719
M5

; Path 388/499
G1 X119.961 Y122.422 F3000  ; Travel
M3 S1000
G4 P100  ; Wait for pen
G1 F1500
G1 X121.016 Y121.016
G1 X120.312 Y122.422
M5

; Path 389/499
G1 X111.172 Y122.422 F3000  ; Travel
M3 S1000
G4 P100  ; Wait for pen
G1 F1500
G1 X110.469 Y120.664
G1 X108.008 Y118.555
G1 X104.492 Y117.852
G1 X105.195 Y118.203
G1 X105.547 Y117.148
G1 X107.656 Y117.500
G1 X109.766 Y119.258
G1 X111.523 Y122.422
M5

; Path 390/499
G1 X53.164 Y122.773 F3000  ; Travel
M3 S1000
G4 P100  ; Wait for pen
G1 F1500
G1 X53.516 Y119.258
G1 X53.164 Y122.422
M5

; Path 391/499
G1 X125.938 Y123.125 F3000  ; Travel
M3 S1000
G4 P100  ; Wait for pen
G1 F1500
G1 X124.531 Y122.773
G1 X126.641 Y121.016
G1 X125.586 Y122.773
M5

; Path 392/499
G1 X114.336 Y123.125 F3000  ; Travel
M3 S1000
G4 P100  ; Wait for pen
G1 F1500
G1 X115.039 Y123.125
G1 X114.688 Y121.367
G1 X114.336 Y122.773
M5

; Path 393/499
G1 X58.438 Y123.477 F3000  ; Travel
M3 S1000
G4 P100  ; Wait for pen
G1 F1500
G1 X59.141 Y123.477
G1 X58.789 Y117.852
G1 X58.086 Y116.797
G1 X58.789 Y116.094
G1 X57.031 Y112.227
G1 X56.328 Y114.336
G1 X57.383 Y114.688
G1 X56.680 Y114.688
G1 X57.383 Y115.742
G1 X57.031 Y119.961
G1 X58.086 Y123.125
M5

; Path 394/499
G1 X87.969 Y123.828 F3000  ; Travel
M3 S1000
G4 P100  ; Wait for pen
G1 F1500
G1 X89.023 Y122.773
G1 X88.320 Y122.070
G1 X90.430 Y121.367
G1 X94.648 Y122.070
G1 X95.000 Y122.773
G1 X94.297 Y123.125
G1 X94.648 Y123.828
G1 X92.539 Y122.773
G1 X88.320 Y123.828
M5

; Path 395/499
G1 X115.039 Y125.234 F3000  ; Travel
M3 S1000
G4 P100  ; Wait for pen
G1 F1500
G1 X115.742 Y125.586
G1 X116.445 Y124.531
G1 X115.742 Y121.719
G1 X115.039 Y124.883
M5

; Path 396/499
G1 X104.844 Y125.234 F3000  ; Travel
M3 S1000
G4 P100  ; Wait for pen
G1 F1500
G1 X105.898 Y124.180
G1 X104.844 Y124.883
M5

; Path 397/499
G1 X70.039 Y125.234 F3000  ; Travel
M3 S1000
G4 P100  ; Wait for pen
G1 F1500
G1 X67.578 Y119.961
G1 X67.930 Y118.906
G1 X66.172 Y113.281
G1 X66.875 Y112.227
G1 X67.227 Y113.633
G1 X66.875 Y112.578
G1 X66.523 Y113.984
G1 X67.578 Y114.336
G1 X67.227 Y116.094
G1 X68.281 Y118.906
G1 X67.578 Y119.258
G1 X68.984 Y122.773
G1 X70.039 Y123.477
G1 X70.039 Y124.883
M5

; Path 398/499
G1 X97.812 Y126.641 F3000  ; Travel
M3 S1000
G4 P100  ; Wait for pen
G1 F1500
G1 X92.539 Y125.234
G1 X91.133 Y125.938
G1 X88.672 Y125.234
G1 X85.156 Y125.938
G1 X86.562 Y124.883
G1 X93.594 Y124.883
G1 X97.109 Y125.938
G1 X99.570 Y125.234
G1 X98.164 Y126.641
M5

; Path 399/499
G1 X126.289 Y126.992 F3000  ; Travel
M3 S1000
G4 P100  ; Wait for pen
G1 F1500
G1 X128.047 Y124.531
G1 X126.641 Y126.641
M5

; Path 400/499
G1 X132.266 Y127.344 F3000  ; Travel
M3 S1000
G4 P100  ; Wait for pen
G1 F1500
G1 X134.727 Y123.477
G1 X132.266 Y126.992
M5

; Path 401/499
G1 X63.008 Y127.344 F3000  ; Travel
M3 S1000
G4 P100  ; Wait for pen
G1 F1500
G1 X62.305 Y123.477
G1 X63.008 Y126.992
M5

; Path 402/499
G1 X60.898 Y128.047 F3000  ; Travel
M3 S1000
G4 P100  ; Wait for pen
G1 F1500
G1 X61.602 Y128.047
G1 X61.602 Y125.586
G1 X60.898 Y123.828
G1 X59.492 Y123.125
G1 X60.898 Y127.695
M5

; Path 403/499
G1 X106.250 Y128.398 F3000  ; Travel
M3 S1000
G4 P100  ; Wait for pen
G1 F1500
G1 X109.062 Y128.047
G1 X111.875 Y125.234
G1 X111.875 Y126.641
G1 X112.930 Y125.586
G1 X113.633 Y121.016
G1 X115.742 Y118.906
G1 X115.742 Y116.094
G1 X114.688 Y115.391
G1 X116.094 Y115.391
G1 X117.148 Y114.336
G1 X117.148 Y109.766
G1 X115.391 Y105.898
G1 X116.094 Y105.547
G1 X110.469 Y99.922
G1 X103.789 Y96.406
G1 X102.031 Y98.164
G1 X102.383 Y98.867
G1 X103.438 Y98.516
G1 X103.438 Y103.789
G1 X105.898 Y105.547
G1 X107.656 Y105.547
G1 X105.195 Y100.977
G1 X106.602 Y100.273
G1 X106.602 Y102.734
G1 X107.305 Y103.438
G1 X108.008 Y102.383
G1 X108.711 Y102.734
G1 X106.953 Y103.789
G1 X108.008 Y104.844
G1 X107.656 Y105.547
G1 X109.766 Y105.195
G1 X110.469 Y103.789
G1 X110.820 Y105.195
G1 X109.062 Y106.250
G1 X112.227 Y108.008
G1 X111.875 Y109.062
G1 X108.711 Y106.602
G1 X105.898 Y106.250
G1 X103.086 Y104.492
G1 X100.625 Y104.492
G1 X99.922 Y103.438
G1 X97.109 Y102.383
G1 X96.055 Y103.086
G1 X93.594 Y100.977
G1 X90.078 Y102.383
G1 X88.320 Y102.031
G1 X86.562 Y103.438
G1 X85.859 Y103.086
G1 X87.969 Y102.031
G1 X87.266 Y101.328
G1 X79.531 Y102.383
G1 X77.070 Y103.789
G1 X74.258 Y103.789
G1 X71.094 Y106.250
G1 X71.094 Y104.141
G1 X71.797 Y105.898
G1 X73.203 Y104.141
G1 X72.852 Y103.438
G1 X74.258 Y103.438
G1 X72.852 Y101.328
G1 X73.203 Y100.625
G1 X71.094 Y100.273
G1 X73.555 Y97.812
G1 X74.258 Y97.812
G1 X72.852 Y99.570
G1 X73.555 Y99.570
G1 X73.203 Y100.625
G1 X73.906 Y100.625
G1 X74.258 Y103.086
G1 X76.016 Y103.438
G1 X77.070 Y102.734
G1 X75.312 Y100.273
G1 X75.312 Y97.109
G1 X76.719 Y95.703
G1 X75.664 Y98.516
G1 X77.070 Y102.031
G1 X78.477 Y102.383
G1 X81.641 Y101.328
G1 X81.289 Y97.109
G1 X81.641 Y95.000
G1 X83.398 Y92.891
G1 X82.695 Y92.188
G1 X75.312 Y94.297
G1 X68.633 Y99.922
G1 X68.633 Y106.953
G1 X69.688 Y108.359
G1 X68.633 Y110.820
G1 X70.742 Y114.336
G1 X71.797 Y112.578
G1 X71.445 Y111.523
G1 X74.961 Y107.305
G1 X84.805 Y104.844
G1 X92.188 Y105.195
G1 X95.352 Y104.492
G1 X97.461 Y105.898
G1 X96.406 Y106.602
G1 X94.648 Y104.844
G1 X93.945 Y105.547
G1 X94.648 Y107.656
G1 X93.594 Y110.469
G1 X90.078 Y111.523
G1 X88.320 Y110.820
G1 X85.508 Y112.227
G1 X86.562 Y112.930
G1 X84.805 Y111.875
G1 X82.344 Y112.578
G1 X81.641 Y111.875
G1 X80.234 Y113.281
G1 X79.531 Y112.227
G1 X78.477 Y114.336
G1 X78.828 Y113.633
G1 X77.422 Y112.930
G1 X76.016 Y114.336
G1 X74.961 Y113.633
G1 X73.906 Y114.688
G1 X74.609 Y115.039
G1 X73.203 Y114.688
G1 X72.148 Y116.094
G1 X73.906 Y113.984
G1 X73.906 Y112.578
G1 X74.961 Y113.633
G1 X75.664 Y112.578
G1 X78.477 Y111.875
G1 X78.828 Y112.578
G1 X79.531 Y111.523
G1 X84.453 Y110.820
G1 X85.508 Y111.523
G1 X87.266 Y110.469
G1 X84.102 Y108.711
G1 X80.586 Y110.117
G1 X80.938 Y109.062
G1 X81.992 Y109.414
G1 X84.453 Y107.656
G1 X83.047 Y106.602
G1 X80.586 Y106.602
G1 X79.883 Y107.656
G1 X78.125 Y108.008
G1 X78.125 Y110.117
G1 X79.180 Y110.469
G1 X79.883 Y109.766
G1 X78.477 Y110.469
G1 X78.125 Y109.062
G1 X77.070 Y108.711
G1 X77.773 Y108.359
G1 X77.422 Y107.656
G1 X76.367 Y107.656
G1 X75.664 Y108.711
G1 X75.312 Y107.656
G1 X73.555 Y109.414
G1 X73.906 Y111.172
G1 X73.555 Y110.117
G1 X71.445 Y114.688
G1 X70.039 Y114.688
G1 X70.039 Y117.148
G1 X71.094 Y117.852
G1 X70.391 Y119.258
G1 X72.148 Y118.203
G1 X71.445 Y119.258
G1 X71.797 Y120.664
G1 X73.203 Y121.016
G1 X73.203 Y119.961
G1 X73.555 Y122.070
G1 X75.312 Y122.773
G1 X75.664 Y123.828
G1 X76.367 Y123.477
G1 X75.664 Y123.828
G1 X77.422 Y125.234
G1 X78.477 Y123.828
G1 X77.773 Y122.070
G1 X78.477 Y121.719
G1 X78.477 Y122.773
G1 X79.531 Y122.422
G1 X78.125 Y120.312
G1 X77.070 Y121.719
G1 X77.070 Y120.312
G1 X78.828 Y118.555
G1 X78.477 Y117.148
G1 X86.211 Y114.688
G1 X93.594 Y115.039
G1 X102.383 Y118.906
G1 X104.844 Y121.016
G1 X103.789 Y122.773
G1 X105.898 Y123.477
G1 X106.953 Y125.586
G1 X105.547 Y126.289
G1 X105.898 Y126.992
G1 X107.656 Y125.938
G1 X107.656 Y124.883
G1 X106.602 Y124.180
G1 X107.656 Y124.180
G1 X108.008 Y125.938
G1 X106.250 Y128.047
M5

; Path 404/499
G1 X57.383 Y128.398 F3000  ; Travel
M3 S1000
G4 P100  ; Wait for pen
G1 F1500
G1 X56.328 Y127.344
G1 X57.031 Y126.289
G1 X57.383 Y128.047
M5

; Path 405/499
G1 X92.188 Y128.750 F3000  ; Travel
M3 S1000
G4 P100  ; Wait for pen
G1 F1500
G1 X92.188 Y126.992
G1 X92.891 Y126.992
G1 X92.539 Y128.398
M5

; Path 406/499
G1 X53.867 Y129.102 F3000  ; Travel
M3 S1000
G4 P100  ; Wait for pen
G1 F1500
G1 X52.461 Y126.992
G1 X53.516 Y128.750
M5

; Path 407/499
G1 X111.875 Y129.805 F3000  ; Travel
M3 S1000
G4 P100  ; Wait for pen
G1 F1500
G1 X112.930 Y129.453
G1 X111.875 Y128.398
G1 X111.523 Y129.453
M5

; Path 408/499
G1 X93.242 Y130.508 F3000  ; Travel
M3 S1000
G4 P100  ; Wait for pen
G1 F1500
G1 X95.000 Y130.156
G1 X93.594 Y130.508
M5

; Path 409/499
G1 X125.938 Y130.859 F3000  ; Travel
M3 S1000
G4 P100  ; Wait for pen
G1 F1500
G1 X128.398 Y126.289
G1 X129.102 Y125.938
G1 X128.398 Y126.641
G1 X129.102 Y126.992
G1 X130.156 Y125.938
G1 X130.156 Y124.883
G1 X129.102 Y124.531
G1 X134.023 Y122.070
G1 X135.078 Y119.961
G1 X132.969 Y123.125
G1 X130.156 Y124.531
G1 X130.156 Y126.289
G1 X127.344 Y128.750
G1 X126.289 Y130.859
M5

; Path 410/499
G1 X109.766 Y131.211 F3000  ; Travel
M3 S1000
G4 P100  ; Wait for pen
G1 F1500
G1 X108.711 Y129.453
G1 X109.766 Y130.859
M5

; Path 411/499
G1 X57.383 Y131.914 F3000  ; Travel
M3 S1000
G4 P100  ; Wait for pen
G1 F1500
G1 X55.625 Y129.805
G1 X57.383 Y131.562
M5

; Path 412/499
G1 X67.930 Y133.320 F3000  ; Travel
M3 S1000
G4 P100  ; Wait for pen
G1 F1500
G1 X68.281 Y128.750
G1 X67.578 Y127.695
G1 X68.633 Y128.047
G1 X67.930 Y126.992
G1 X68.281 Y125.234
G1 X67.578 Y124.531
G1 X66.523 Y125.234
G1 X66.875 Y123.828
G1 X64.414 Y121.367
G1 X65.117 Y122.070
G1 X66.172 Y121.719
G1 X65.117 Y120.312
G1 X67.227 Y122.070
G1 X68.984 Y125.234
G1 X67.930 Y132.969
M5

; Path 413/499
G1 X95.352 Y133.672 F3000  ; Travel
M3 S1000
G4 P100  ; Wait for pen
G1 F1500
G1 X96.055 Y131.562
G1 X99.570 Y128.750
G1 X99.922 Y129.453
G1 X99.219 Y129.453
G1 X98.516 Y131.562
G1 X95.703 Y133.672
M5

; Path 414/499
G1 X111.875 Y134.023 F3000  ; Travel
M3 S1000
G4 P100  ; Wait for pen
G1 F1500
G1 X113.633 Y132.617
G1 X113.984 Y130.508
G1 X115.391 Y131.211
G1 X114.336 Y125.938
G1 X112.930 Y126.992
G1 X113.281 Y130.508
G1 X112.578 Y131.562
G1 X108.711 Y128.398
G1 X107.656 Y129.102
G1 X109.062 Y131.562
G1 X107.305 Y131.211
G1 X110.469 Y134.023
G1 X110.820 Y132.969
G1 X109.766 Y131.914
G1 X111.172 Y131.211
G1 X111.523 Y133.672
M5

; Path 415/499
G1 X58.438 Y134.375 F3000  ; Travel
M3 S1000
G4 P100  ; Wait for pen
G1 F1500
G1 X59.492 Y134.375
G1 X58.789 Y133.320
G1 X58.438 Y134.023
M5

; Path 416/499
G1 X113.633 Y134.727 F3000  ; Travel
M3 S1000
G4 P100  ; Wait for pen
G1 F1500
G1 X114.336 Y134.727
G1 X113.633 Y133.672
G1 X113.281 Y134.727
M5

; Path 417/499
G1 X116.094 Y135.078 F3000  ; Travel
M3 S1000
G4 P100  ; Wait for pen
G1 F1500
G1 X116.094 Y132.969
G1 X116.445 Y134.727
M5

; Path 418/499
G1 X67.227 Y135.078 F3000  ; Travel
M3 S1000
G4 P100  ; Wait for pen
G1 F1500
G1 X67.227 Y132.969
G1 X67.227 Y134.727
M5

; Path 419/499
G1 X117.852 Y136.133 F3000  ; Travel
M3 S1000
G4 P100  ; Wait for pen
G1 F1500
G1 X118.555 Y131.562
G1 X117.852 Y128.398
G1 X117.148 Y127.695
G1 X116.797 Y128.398
G1 X117.500 Y125.586
G1 X118.906 Y130.156
G1 X118.203 Y136.133
M5

; Path 420/499
G1 X93.242 Y136.133 F3000  ; Travel
M3 S1000
G4 P100  ; Wait for pen
G1 F1500
G1 X93.242 Y133.320
G1 X93.945 Y132.617
G1 X93.242 Y134.023
G1 X93.594 Y136.133
M5

; Path 421/499
G1 X70.391 Y136.133 F3000  ; Travel
M3 S1000
G4 P100  ; Wait for pen
G1 F1500
G1 X70.742 Y132.617
G1 X70.391 Y131.211
G1 X69.688 Y131.211
G1 X70.039 Y129.453
G1 X70.742 Y129.805
G1 X70.742 Y125.234
G1 X71.094 Y134.023
G1 X70.391 Y135.781
M5

; Path 422/499
G1 X122.773 Y136.484 F3000  ; Travel
M3 S1000
G4 P100  ; Wait for pen
G1 F1500
G1 X123.477 Y136.484
G1 X123.125 Y134.023
G1 X122.773 Y136.133
M5

; Path 423/499
G1 X113.633 Y136.836 F3000  ; Travel
M3 S1000
G4 P100  ; Wait for pen
G1 F1500
G1 X115.039 Y136.484
G1 X114.336 Y134.727
G1 X113.633 Y136.484
M5

; Path 424/499
G1 X125.938 Y137.188 F3000  ; Travel
M3 S1000
G4 P100  ; Wait for pen
G1 F1500
G1 X125.234 Y136.836
G1 X125.586 Y132.266
G1 X125.586 Y136.836
M5

; Path 425/499
G1 X112.227 Y137.891 F3000  ; Travel
M3 S1000
G4 P100  ; Wait for pen
G1 F1500
G1 X112.930 Y137.891
G1 X112.930 Y136.836
G1 X111.875 Y135.781
G1 X111.523 Y136.836
G1 X112.227 Y137.539
M5

; Path 426/499
G1 X66.875 Y137.891 F3000  ; Travel
M3 S1000
G4 P100  ; Wait for pen
G1 F1500
G1 X65.820 Y137.188
G1 X66.523 Y136.836
G1 X67.227 Y137.891
M5

; Path 427/499
G1 X119.961 Y138.242 F3000  ; Travel
M3 S1000
G4 P100  ; Wait for pen
G1 F1500
G1 X119.961 Y132.617
G1 X120.664 Y131.562
G1 X119.609 Y128.750
G1 X119.961 Y127.695
G1 X120.312 Y128.398
G1 X119.609 Y128.750
G1 X121.016 Y130.859
G1 X120.312 Y132.266
G1 X121.016 Y132.969
G1 X120.312 Y138.242
M5

; Path 428/499
G1 X116.797 Y138.242 F3000  ; Travel
M3 S1000
G4 P100  ; Wait for pen
G1 F1500
G1 X116.094 Y136.484
G1 X116.445 Y135.781
G1 X117.148 Y136.484
G1 X117.148 Y134.727
G1 X117.148 Y137.891
M5

; Path 429/499
G1 X72.852 Y138.945 F3000  ; Travel
M3 S1000
G4 P100  ; Wait for pen
G1 F1500
G1 X73.555 Y138.945
G1 X73.203 Y137.188
G1 X72.500 Y138.594
M5

; Path 430/499
G1 X122.422 Y139.297 F3000  ; Travel
M3 S1000
G4 P100  ; Wait for pen
G1 F1500
G1 X123.125 Y139.297
G1 X122.773 Y137.891
G1 X122.422 Y138.945
M5

; Path 431/499
G1 X112.578 Y139.648 F3000  ; Travel
M3 S1000
G4 P100  ; Wait for pen
G1 F1500
G1 X113.281 Y139.648
G1 X112.930 Y137.891
G1 X112.578 Y139.297
M5

; Path 432/499
G1 X70.039 Y140.703 F3000  ; Travel
M3 S1000
G4 P100  ; Wait for pen
G1 F1500
G1 X69.688 Y140.000
G1 X67.930 Y140.352
G1 X68.633 Y139.297
G1 X70.391 Y140.352
M5

; Path 433/499
G1 X117.500 Y141.055 F3000  ; Travel
M3 S1000
G4 P100  ; Wait for pen
G1 F1500
G1 X118.203 Y138.242
G1 X117.852 Y140.703
M5

; Path 434/499
G1 X108.711 Y141.055 F3000  ; Travel
M3 S1000
G4 P100  ; Wait for pen
G1 F1500
G1 X109.766 Y140.703
G1 X109.414 Y138.945
G1 X108.711 Y140.703
M5

; Path 435/499
G1 X121.367 Y142.109 F3000  ; Travel
M3 S1000
G4 P100  ; Wait for pen
G1 F1500
G1 X122.070 Y142.109
G1 X122.070 Y140.000
G1 X121.367 Y141.758
M5

; Path 436/499
G1 X98.164 Y142.109 F3000  ; Travel
M3 S1000
G4 P100  ; Wait for pen
G1 F1500
G1 X98.867 Y142.461
G1 X99.219 Y141.406
G1 X98.164 Y141.758
M5

; Path 437/499
G1 X82.344 Y142.109 F3000  ; Travel
M3 S1000
G4 P100  ; Wait for pen
G1 F1500
G1 X83.047 Y142.109
G1 X83.047 Y140.352
G1 X81.992 Y141.758
M5

; Path 438/499
G1 X116.445 Y142.461 F3000  ; Travel
M3 S1000
G4 P100  ; Wait for pen
G1 F1500
G1 X115.742 Y137.891
G1 X116.445 Y139.648
G1 X116.797 Y138.945
G1 X116.445 Y142.109
M5

; Path 439/499
G1 X83.398 Y142.461 F3000  ; Travel
M3 S1000
G4 P100  ; Wait for pen
G1 F1500
G1 X84.805 Y141.758
G1 X83.398 Y142.109
M5

; Path 440/499
G1 X99.922 Y142.812 F3000  ; Travel
M3 S1000
G4 P100  ; Wait for pen
G1 F1500
G1 X100.977 Y142.109
G1 X99.570 Y142.461
M5

; Path 441/499
G1 X69.688 Y143.164 F3000  ; Travel
M3 S1000
G4 P100  ; Wait for pen
G1 F1500
G1 X68.984 Y141.758
G1 X67.227 Y142.461
G1 X70.039 Y141.406
G1 X70.039 Y142.812
M5

; Path 442/499
G1 X58.086 Y143.164 F3000  ; Travel
M3 S1000
G4 P100  ; Wait for pen
G1 F1500
G1 X57.383 Y140.352
G1 X58.086 Y139.648
G1 X57.734 Y136.133
G1 X58.086 Y135.430
G1 X58.789 Y135.781
G1 X58.086 Y132.266
G1 X59.141 Y133.672
G1 X59.844 Y131.211
G1 X58.789 Y135.430
G1 X59.141 Y137.539
G1 X58.438 Y137.539
G1 X58.438 Y140.352
G1 X57.734 Y141.055
G1 X58.086 Y142.812
M5

; Path 443/499
G1 X87.617 Y143.516 F3000  ; Travel
M3 S1000
G4 P100  ; Wait for pen
G1 F1500
G1 X88.672 Y140.000
G1 X87.969 Y138.594
G1 X89.023 Y138.242
G1 X86.914 Y134.023
G1 X87.969 Y134.023
G1 X87.617 Y130.156
G1 X90.781 Y129.102
G1 X90.078 Y127.344
G1 X90.430 Y128.750
G1 X92.188 Y130.156
G1 X90.078 Y130.508
G1 X89.023 Y129.805
G1 X88.320 Y130.508
G1 X89.023 Y132.617
G1 X90.781 Y131.211
G1 X90.078 Y132.266
G1 X90.781 Y137.539
G1 X90.078 Y138.242
G1 X90.078 Y142.812
G1 X87.969 Y143.516
M5

; Path 444/499
G1 X82.695 Y143.516 F3000  ; Travel
M3 S1000
G4 P100  ; Wait for pen
G1 F1500
G1 X83.750 Y143.867
G1 X84.453 Y143.164
G1 X80.234 Y142.812
G1 X82.344 Y143.516
M5

; Path 445/499
G1 X99.219 Y143.867 F3000  ; Travel
M3 S1000
G4 P100  ; Wait for pen
G1 F1500
G1 X102.031 Y144.219
G1 X103.438 Y143.164
G1 X98.867 Y143.164
G1 X98.867 Y143.867
M5

; Path 446/499
G1 X82.695 Y143.867 F3000  ; Travel
M3 S1000
G4 P100  ; Wait for pen
G1 F1500
G1 X78.477 Y142.109
G1 X78.477 Y141.055
G1 X78.828 Y141.758
G1 X79.180 Y140.352
G1 X79.883 Y140.352
G1 X79.883 Y138.945
G1 X82.344 Y138.242
G1 X85.508 Y138.945
G1 X81.289 Y139.648
G1 X80.234 Y140.703
G1 X80.938 Y142.109
G1 X82.344 Y140.352
G1 X84.102 Y140.352
G1 X85.156 Y142.461
G1 X86.562 Y140.703
G1 X85.508 Y140.000
G1 X87.617 Y140.352
G1 X84.453 Y143.164
G1 X85.156 Y143.516
G1 X86.914 Y142.461
G1 X86.211 Y143.516
G1 X83.047 Y143.867
M5

; Path 447/499
G1 X100.273 Y144.570 F3000  ; Travel
M3 S1000
G4 P100  ; Wait for pen
G1 F1500
G1 X95.703 Y142.109
G1 X95.352 Y140.352
G1 X95.703 Y142.109
G1 X96.406 Y139.648
G1 X98.516 Y138.945
G1 X102.031 Y139.648
G1 X102.031 Y140.352
G1 X101.328 Y139.648
G1 X96.758 Y140.352
G1 X97.812 Y142.109
G1 X98.867 Y140.703
G1 X100.273 Y140.703
G1 X101.328 Y143.164
G1 X102.734 Y142.109
G1 X101.680 Y141.055
G1 X104.844 Y142.461
G1 X104.492 Y143.516
G1 X100.625 Y144.570
M5

; Path 448/499
G1 X113.984 Y145.273 F3000  ; Travel
M3 S1000
G4 P100  ; Wait for pen
G1 F1500
G1 X115.039 Y145.273
G1 X114.336 Y143.867
G1 X113.984 Y144.922
M5

; Path 449/499
G1 X108.359 Y145.625 F3000  ; Travel
M3 S1000
G4 P100  ; Wait for pen
G1 F1500
G1 X110.117 Y144.570
G1 X109.414 Y144.219
G1 X110.469 Y143.164
G1 X109.766 Y142.812
G1 X110.469 Y143.164
G1 X112.227 Y140.703
G1 X111.523 Y140.000
G1 X112.930 Y142.461
G1 X113.281 Y141.406
G1 X109.766 Y134.023
G1 X107.305 Y132.969
G1 X109.414 Y138.945
G1 X110.117 Y139.297
G1 X110.820 Y137.891
G1 X110.820 Y141.055
G1 X109.062 Y142.461
G1 X108.359 Y145.273
M5

; Path 450/499
G1 X72.148 Y145.625 F3000  ; Travel
M3 S1000
G4 P100  ; Wait for pen
G1 F1500
G1 X70.742 Y144.570
G1 X72.852 Y144.570
G1 X73.555 Y142.812
G1 X71.445 Y141.758
G1 X71.445 Y139.648
G1 X73.906 Y143.164
G1 X73.906 Y144.219
G1 X72.500 Y145.273
M5

; Path 451/499
G1 X100.625 Y146.680 F3000  ; Travel
M3 S1000
G4 P100  ; Wait for pen
G1 F1500
G1 X97.109 Y145.625
G1 X95.000 Y143.867
G1 X99.922 Y145.625
G1 X105.547 Y145.977
G1 X104.492 Y146.680
G1 X100.977 Y146.680
M5

; Path 452/499
G1 X117.500 Y147.031 F3000  ; Travel
M3 S1000
G4 P100  ; Wait for pen
G1 F1500
G1 X118.555 Y143.164
G1 X117.500 Y143.516
G1 X117.148 Y145.625
G1 X118.203 Y141.758
G1 X118.555 Y143.164
G1 X119.258 Y141.055
G1 X118.906 Y143.516
G1 X119.609 Y143.516
G1 X117.500 Y146.680
M5

; Path 453/499
G1 X108.359 Y147.734 F3000  ; Travel
M3 S1000
G4 P100  ; Wait for pen
G1 F1500
G1 X113.281 Y144.219
G1 X112.930 Y143.516
G1 X111.172 Y143.867
G1 X112.578 Y142.109
G1 X110.117 Y143.867
G1 X110.117 Y145.273
G1 X108.359 Y147.383
M5

; Path 454/499
G1 X66.875 Y148.789 F3000  ; Travel
M3 S1000
G4 P100  ; Wait for pen
G1 F1500
G1 X66.172 Y148.086
G1 X69.336 Y148.789
G1 X66.875 Y148.438
M5

; Path 455/499
G1 X63.711 Y148.789 F3000  ; Travel
M3 S1000
G4 P100  ; Wait for pen
G1 F1500
G1 X65.117 Y147.383
G1 X63.359 Y143.516
G1 X64.414 Y141.758
G1 X63.711 Y141.406
G1 X62.305 Y132.969
G1 X60.547 Y143.164
G1 X61.602 Y142.461
G1 X62.305 Y137.891
G1 X62.656 Y140.352
G1 X61.953 Y140.703
G1 X61.953 Y142.461
G1 X63.711 Y147.734
G1 X63.008 Y148.086
G1 X63.359 Y148.789
M5

; Path 456/499
G1 X74.258 Y149.492 F3000  ; Travel
M3 S1000
G4 P100  ; Wait for pen
G1 F1500
G1 X70.391 Y146.328
G1 X72.500 Y147.734
G1 X73.203 Y147.031
G1 X72.500 Y146.328
G1 X73.203 Y147.031
G1 X74.258 Y145.977
G1 X73.555 Y146.680
G1 X74.609 Y149.492
M5

; Path 457/499
G1 X83.750 Y149.844 F3000  ; Travel
M3 S1000
G4 P100  ; Wait for pen
G1 F1500
G1 X84.805 Y149.141
G1 X85.156 Y146.680
G1 X84.453 Y145.273
G1 X83.398 Y145.977
G1 X83.750 Y149.492
M5

; Path 458/499
G1 X72.500 Y150.195 F3000  ; Travel
M3 S1000
G4 P100  ; Wait for pen
G1 F1500
G1 X71.445 Y149.141
G1 X69.688 Y149.492
G1 X70.391 Y148.438
G1 X73.906 Y150.195
G1 X72.852 Y149.844
M5

; Path 459/499
G1 X83.750 Y151.250 F3000  ; Travel
M3 S1000
G4 P100  ; Wait for pen
G1 F1500
G1 X85.156 Y150.547
G1 X85.508 Y148.438
G1 X83.750 Y150.898
M5

; Path 460/499
G1 X70.391 Y154.766 F3000  ; Travel
M3 S1000
G4 P100  ; Wait for pen
G1 F1500
G1 X68.281 Y153.711
G1 X70.742 Y154.766
M5

; Path 461/499
G1 X115.039 Y156.875 F3000  ; Travel
M3 S1000
G4 P100  ; Wait for pen
G1 F1500
G1 X115.742 Y157.227
G1 X116.445 Y156.172
G1 X115.742 Y155.820
G1 X115.391 Y156.523
M5

; Path 462/499
G1 X105.898 Y157.930 F3000  ; Travel
M3 S1000
G4 P100  ; Wait for pen
G1 F1500
G1 X106.953 Y157.227
G1 X106.602 Y155.820
G1 X105.898 Y157.578
M5

; Path 463/499
G1 X78.477 Y158.984 F3000  ; Travel
M3 S1000
G4 P100  ; Wait for pen
G1 F1500
G1 X75.312 Y152.656
G1 X74.609 Y153.359
G1 X77.070 Y158.633
G1 X72.852 Y154.414
G1 X74.258 Y155.117
G1 X75.312 Y154.414
G1 X73.906 Y153.359
G1 X74.258 Y151.953
G1 X72.852 Y150.898
G1 X74.258 Y151.250
G1 X74.961 Y153.008
G1 X76.016 Y153.008
G1 X78.125 Y158.633
M5

; Path 464/499
G1 X115.039 Y159.336 F3000  ; Travel
M3 S1000
G4 P100  ; Wait for pen
G1 F1500
G1 X115.742 Y159.336
G1 X116.094 Y157.578
G1 X114.688 Y157.930
G1 X113.984 Y156.523
G1 X113.281 Y157.227
G1 X114.688 Y158.984
M5

; Path 465/499
G1 X112.930 Y159.336 F3000  ; Travel
M3 S1000
G4 P100  ; Wait for pen
G1 F1500
G1 X113.984 Y158.633
G1 X112.578 Y158.984
M5

; Path 466/499
G1 X66.875 Y159.336 F3000  ; Travel
M3 S1000
G4 P100  ; Wait for pen
G1 F1500
G1 X67.578 Y158.984
G1 X66.523 Y158.281
G1 X66.523 Y159.336
M5

; Path 467/499
G1 X73.555 Y160.039 F3000  ; Travel
M3 S1000
G4 P100  ; Wait for pen
G1 F1500
G1 X72.148 Y159.336
G1 X73.906 Y160.039
M5

; Path 468/499
G1 X87.969 Y160.391 F3000  ; Travel
M3 S1000
G4 P100  ; Wait for pen
G1 F1500
G1 X89.727 Y159.688
G1 X87.617 Y160.039
M5

; Path 469/499
G1 X116.094 Y160.742 F3000  ; Travel
M3 S1000
G4 P100  ; Wait for pen
G1 F1500
G1 X117.852 Y158.281
G1 X116.445 Y160.391
M5

; Path 470/499
G1 X77.773 Y160.742 F3000  ; Travel
M3 S1000
G4 P100  ; Wait for pen
G1 F1500
G1 X76.367 Y159.688
G1 X78.125 Y160.742
M5

; Path 471/499
G1 X102.383 Y161.445 F3000  ; Travel
M3 S1000
G4 P100  ; Wait for pen
G1 F1500
G1 X103.086 Y161.797
G1 X104.844 Y159.688
G1 X104.844 Y157.930
G1 X102.031 Y161.094
M5

; Path 472/499
G1 X86.914 Y161.445 F3000  ; Travel
M3 S1000
G4 P100  ; Wait for pen
G1 F1500
G1 X88.320 Y161.797
G1 X91.133 Y160.742
G1 X89.375 Y160.039
G1 X87.266 Y161.094
M5

; Path 473/499
G1 X111.523 Y162.148 F3000  ; Travel
M3 S1000
G4 P100  ; Wait for pen
G1 F1500
G1 X113.984 Y161.094
G1 X113.633 Y160.039
G1 X111.523 Y161.797
M5

; Path 474/499
G1 X86.914 Y162.852 F3000  ; Travel
M3 S1000
G4 P100  ; Wait for pen
G1 F1500
G1 X90.781 Y163.203
G1 X92.539 Y161.445
G1 X87.266 Y162.148
G1 X85.508 Y161.094
G1 X85.156 Y161.797
G1 X86.562 Y162.500
M5

; Path 475/499
G1 X72.148 Y163.203 F3000  ; Travel
M3 S1000
G4 P100  ; Wait for pen
G1 F1500
G1 X68.281 Y160.039
G1 X67.227 Y161.094
G1 X65.117 Y156.172
G1 X71.797 Y162.852
M5

; Path 476/499
G1 X101.328 Y164.258 F3000  ; Travel
M3 S1000
G4 P100  ; Wait for pen
G1 F1500
G1 X102.031 Y164.609
G1 X103.438 Y163.555
G1 X101.328 Y163.906
M5

; Path 477/499
G1 X91.836 Y164.961 F3000  ; Travel
M3 S1000
G4 P100  ; Wait for pen
G1 F1500
G1 X93.945 Y165.312
G1 X95.703 Y163.555
G1 X95.352 Y160.742
G1 X93.242 Y164.258
G1 X91.133 Y163.906
G1 X92.188 Y163.906
G1 X93.945 Y162.148
G1 X93.945 Y160.391
G1 X92.188 Y162.852
G1 X89.023 Y163.906
G1 X91.484 Y164.961
M5

; Path 478/499
G1 X86.914 Y166.367 F3000  ; Travel
M3 S1000
G4 P100  ; Wait for pen
G1 F1500
G1 X87.617 Y166.016
G1 X85.508 Y164.609
G1 X84.805 Y165.312
G1 X86.562 Y166.367
M5

; Path 479/499
G1 X91.133 Y166.719 F3000  ; Travel
M3 S1000
G4 P100  ; Wait for pen
G1 F1500
G1 X94.297 Y166.719
G1 X91.484 Y166.719
M5

; Path 480/499
G1 X79.180 Y167.070 F3000  ; Travel
M3 S1000
G4 P100  ; Wait for pen
G1 F1500
G1 X75.312 Y164.609
G1 X78.828 Y166.719
M5

; Path 481/499
G1 X74.609 Y167.422 F3000  ; Travel
M3 S1000
G4 P100  ; Wait for pen
G1 F1500
G1 X76.016 Y167.422
G1 X71.094 Y163.906
G1 X70.391 Y164.258
G1 X74.258 Y167.422
M5

; Path 482/499
G1 X92.539 Y168.477 F3000  ; Travel
M3 S1000
G4 P100  ; Wait for pen
G1 F1500
G1 X96.055 Y168.125
G1 X98.164 Y166.367
G1 X97.812 Y160.742
G1 X96.758 Y161.094
G1 X96.758 Y164.258
G1 X94.648 Y165.312
G1 X96.406 Y165.312
G1 X95.703 Y166.016
G1 X91.836 Y165.664
G1 X87.617 Y163.906
G1 X86.211 Y162.500
G1 X86.562 Y163.906
G1 X84.453 Y161.445
G1 X83.750 Y157.578
G1 X85.156 Y159.688
G1 X87.617 Y160.039
G1 X88.320 Y158.633
G1 X90.430 Y158.633
G1 X96.758 Y160.742
G1 X97.461 Y160.391
G1 X96.758 Y159.336
G1 X98.516 Y160.742
G1 X97.812 Y158.984
G1 X99.219 Y160.039
G1 X102.734 Y158.633
G1 X103.438 Y157.227
G1 X103.789 Y157.930
G1 X105.898 Y154.414
G1 X106.953 Y150.195
G1 X108.359 Y137.539
G1 X105.898 Y128.398
G1 X100.977 Y119.961
G1 X96.055 Y116.094
G1 X90.430 Y116.094
G1 X89.023 Y115.391
G1 X84.805 Y118.203
G1 X78.477 Y124.883
G1 X75.664 Y132.969
G1 X75.312 Y138.945
G1 X77.422 Y145.625
G1 X84.102 Y145.273
G1 X87.617 Y144.219
G1 X86.914 Y145.625
G1 X85.156 Y145.625
G1 X86.211 Y149.492
G1 X83.398 Y153.359
G1 X82.344 Y156.523
G1 X83.398 Y161.797
G1 X87.266 Y165.664
G1 X90.430 Y167.070
G1 X87.617 Y166.367
G1 X87.969 Y167.422
G1 X92.188 Y168.477
M5

; Path 483/499
G1 X86.914 Y169.883 F3000  ; Travel
M3 S1000
G4 P100  ; Wait for pen
G1 F1500
G1 X77.422 Y164.961
G1 X72.500 Y160.742
G1 X79.531 Y164.961
G1 X80.234 Y164.258
G1 X75.664 Y160.742
G1 X78.125 Y162.148
G1 X78.477 Y161.445
G1 X84.805 Y167.773
G1 X88.320 Y169.883
G1 X90.430 Y169.883
G1 X87.266 Y169.883
M5

; Path 484/499
G1 X78.477 Y169.883 F3000  ; Travel
M3 S1000
G4 P100  ; Wait for pen
G1 F1500
G1 X75.664 Y168.828
G1 X74.961 Y167.773
G1 X74.258 Y168.125
G1 X67.930 Y161.445
G1 X70.039 Y163.555
G1 X72.852 Y163.906
G1 X76.367 Y166.719
G1 X75.664 Y167.070
G1 X76.367 Y167.773
G1 X77.070 Y167.422
G1 X79.883 Y169.531
G1 X79.883 Y168.477
G1 X80.938 Y169.180
G1 X78.828 Y169.883
M5

; Path 485/499
G1 X67.227 Y170.234 F3000  ; Travel
M3 S1000
G4 P100  ; Wait for pen
G1 F1500
G1 X64.766 Y167.070
G1 X66.875 Y169.883
M5

; Path 486/499
G1 X85.859 Y171.641 F3000  ; Travel
M3 S1000
G4 P100  ; Wait for pen
G1 F1500
G1 X85.859 Y170.938
G1 X80.938 Y170.234
G1 X86.211 Y170.586
G1 X86.211 Y171.289
M5

; Path 487/499
G1 X79.531 Y172.344 F3000  ; Travel
M3 S1000
G4 P100  ; Wait for pen
G1 F1500
G1 X77.070 Y170.938
G1 X76.367 Y171.289
G1 X68.984 Y166.016
G1 X73.906 Y168.828
G1 X76.367 Y171.289
G1 X77.070 Y170.586
G1 X76.016 Y169.883
G1 X79.883 Y172.344
M5

; Path 488/499
G1 X94.648 Y172.695 F3000  ; Travel
M3 S1000
G4 P100  ; Wait for pen
G1 F1500
G1 X97.109 Y171.641
G1 X95.000 Y172.695
M5

; Path 489/499
G1 X84.453 Y173.398 F3000  ; Travel
M3 S1000
G4 P100  ; Wait for pen
G1 F1500
G1 X83.047 Y172.344
G1 X81.289 Y172.695
G1 X82.695 Y171.992
G1 X79.883 Y170.586
G1 X82.695 Y171.289
G1 X83.047 Y172.344
G1 X86.211 Y172.344
G1 X84.453 Y173.047
M5

; Path 490/499
G1 X92.188 Y174.453 F3000  ; Travel
M3 S1000
G4 P100  ; Wait for pen
G1 F1500
G1 X93.594 Y173.398
G1 X92.539 Y174.453
M5

; Path 491/499
G1 X88.320 Y174.805 F3000  ; Travel
M3 S1000
G4 P100  ; Wait for pen
G1 F1500
G1 X88.672 Y173.750
G1 X85.859 Y173.750
G1 X86.914 Y173.047
G1 X92.188 Y173.047
G1 X91.484 Y174.453
G1 X90.078 Y173.398
G1 X88.672 Y174.453
M5

; Path 492/499
G1 X86.914 Y175.156 F3000  ; Travel
M3 S1000
G4 P100  ; Wait for pen
G1 F1500
G1 X85.859 Y174.805
G1 X87.266 Y174.805
M5

; Path 493/499
G1 X101.328 Y175.859 F3000  ; Travel
M3 S1000
G4 P100  ; Wait for pen
G1 F1500
G1 X103.438 Y175.859
G1 X105.898 Y173.047
G1 X101.680 Y174.453
G1 X100.273 Y173.398
G1 X99.219 Y174.453
G1 X100.625 Y175.859
G1 X101.680 Y175.508
M5

; Path 494/499
G1 X89.375 Y176.211 F3000  ; Travel
M3 S1000
G4 P100  ; Wait for pen
G1 F1500
G1 X87.969 Y175.859
G1 X91.484 Y175.508
G1 X89.375 Y175.859
M5

; Path 495/499
G1 X72.148 Y176.211 F3000  ; Travel
M3 S1000
G4 P100  ; Wait for pen
G1 F1500
G1 X70.039 Y174.805
G1 X69.688 Y173.047
G1 X71.797 Y175.859
M5

; Path 496/499
G1 X106.602 Y176.914 F3000  ; Travel
M3 S1000
G4 P100  ; Wait for pen
G1 F1500
G1 X107.305 Y175.508
G1 X106.250 Y176.562
M5

; Path 497/499
G1 X100.625 Y176.914 F3000  ; Travel
M3 S1000
G4 P100  ; Wait for pen
G1 F1500
G1 X101.328 Y177.266
G1 X101.680 Y176.562
G1 X99.570 Y175.508
G1 X99.219 Y176.211
G1 X100.273 Y176.562
M5

; Path 498/499
G1 X92.891 Y180.078 F3000  ; Travel
M3 S1000
G4 P100  ; Wait for pen
G1 F1500
G1 X93.594 Y180.430
G1 X95.352 Y179.023
G1 X94.297 Y177.617
G1 X91.484 Y178.320
G1 X92.891 Y176.914
G1 X90.430 Y177.969
G1 X86.914 Y177.969
G1 X86.211 Y177.266
G1 X81.992 Y176.914
G1 X81.641 Y176.211
G1 X81.289 Y176.914
G1 X79.883 Y175.859
G1 X79.180 Y176.211
G1 X81.641 Y177.969
G1 X86.914 Y179.375
G1 X94.297 Y178.672
G1 X92.891 Y179.727
M5

; Path 499/499
G1 X91.133 Y181.133 F3000  ; Travel
M3 S1000
G4 P100  ; Wait for pen
G1 F1500
G1 X85.156 Y180.078
G1 X76.367 Y175.508
G1 X75.312 Y175.859
G1 X76.367 Y175.508
G1 X69.688 Y170.586
G1 X65.820 Y165.312
G1 X63.359 Y159.688
G1 X59.492 Y141.055
G1 X60.195 Y140.703
G1 X61.250 Y135.781
G1 X61.250 Y131.562
G1 X55.977 Y119.609
G1 X55.977 Y111.172
G1 X53.867 Y108.008
G1 X52.109 Y106.953
G1 X51.055 Y104.492
G1 X45.781 Y100.273
G1 X46.484 Y99.922
G1 X42.266 Y97.109
G1 X43.320 Y96.758
G1 X42.266 Y96.055
G1 X42.266 Y95.000
G1 X44.727 Y97.109
G1 X43.672 Y96.055
G1 X43.320 Y97.109
G1 X45.078 Y99.219
G1 X45.781 Y98.164
G1 X45.430 Y92.188
G1 X42.266 Y90.430
G1 X44.727 Y90.781
G1 X45.781 Y91.836
G1 X46.484 Y90.781
G1 X47.539 Y96.758
G1 X48.594 Y96.758
G1 X48.242 Y91.836
G1 X49.648 Y90.078
G1 X49.648 Y88.672
G1 X50.703 Y88.672
G1 X52.109 Y83.398
G1 X51.406 Y81.289
G1 X51.758 Y81.992
G1 X52.461 Y80.938
G1 X51.758 Y79.883
G1 X52.812 Y79.531
G1 X52.812 Y77.070
G1 X53.867 Y77.070
G1 X53.516 Y76.016
G1 X54.922 Y75.312
G1 X55.273 Y73.906
G1 X55.977 Y74.609
G1 X54.922 Y76.016
G1 X54.922 Y78.125
G1 X55.977 Y77.773
G1 X53.164 Y82.344
G1 X54.570 Y82.695
G1 X55.273 Y84.102
G1 X54.219 Y84.102
G1 X53.164 Y82.344
G1 X52.812 Y84.453
G1 X53.867 Y84.805
G1 X54.219 Y86.211
G1 X55.273 Y85.156
G1 X54.570 Y85.859
G1 X55.273 Y87.617
G1 X54.570 Y87.266
G1 X53.867 Y88.320
G1 X54.570 Y88.672
G1 X54.570 Y91.484
G1 X56.680 Y91.836
G1 X55.977 Y91.133
G1 X56.328 Y89.727
G1 X56.328 Y92.891
G1 X55.625 Y91.836
G1 X55.273 Y92.539
G1 X54.922 Y91.836
G1 X54.219 Y92.188
G1 X53.867 Y90.078
G1 X53.164 Y90.781
G1 X53.516 Y95.703
G1 X52.812 Y95.703
G1 X51.758 Y90.430
G1 X53.867 Y86.211
G1 X53.164 Y85.508
G1 X50.000 Y89.375
G1 X50.352 Y92.891
G1 X50.000 Y91.836
G1 X48.594 Y92.891
G1 X50.000 Y94.297
G1 X51.758 Y93.594
G1 X50.000 Y96.055
G1 X51.406 Y96.758
G1 X51.406 Y95.703
G1 X52.461 Y96.758
G1 X49.648 Y96.758
G1 X50.000 Y95.352
G1 X49.297 Y94.297
G1 X48.242 Y98.164
G1 X49.648 Y98.516
G1 X50.703 Y100.625
G1 X52.461 Y99.922
G1 X51.055 Y99.219
G1 X50.352 Y97.461
G1 X51.406 Y97.812
G1 X52.461 Y100.625
G1 X55.273 Y103.086
G1 X53.516 Y103.438
G1 X54.219 Y104.844
G1 X54.922 Y104.141
G1 X58.086 Y108.711
G1 X58.789 Y108.008
G1 X56.328 Y104.141
G1 X57.031 Y103.789
G1 X58.086 Y105.195
G1 X58.438 Y103.789
G1 X57.383 Y103.086
G1 X59.141 Y101.328
G1 X58.086 Y105.898
G1 X58.789 Y109.414
G1 X61.250 Y115.391
G1 X60.898 Y117.500
G1 X61.602 Y116.797
G1 X61.602 Y119.258
G1 X62.305 Y119.258
G1 X62.656 Y121.367
G1 X64.062 Y123.125
G1 X64.766 Y128.398
G1 X62.656 Y120.664
G1 X58.086 Y111.875
G1 X58.438 Y111.172
G1 X57.734 Y110.469
G1 X57.031 Y111.523
G1 X61.602 Y121.719
G1 X60.195 Y121.016
G1 X61.953 Y126.289
G1 X61.953 Y129.805
G1 X63.008 Y131.211
G1 X63.359 Y128.398
G1 X64.062 Y131.914
G1 X63.008 Y132.617
G1 X64.062 Y133.672
G1 X64.414 Y139.297
G1 X65.469 Y140.000
G1 X64.414 Y140.000
G1 X65.469 Y144.570
G1 X64.062 Y144.922
G1 X65.469 Y146.680
G1 X65.117 Y148.789
G1 X64.062 Y149.141
G1 X65.117 Y150.898
G1 X68.984 Y152.656
G1 X65.469 Y151.602
G1 X63.711 Y150.195
G1 X62.305 Y145.273
G1 X61.602 Y145.625
G1 X61.602 Y148.086
G1 X64.062 Y151.602
G1 X63.711 Y152.656
G1 X64.766 Y152.305
G1 X64.414 Y153.359
G1 X66.172 Y155.469
G1 X73.555 Y157.578
G1 X73.555 Y158.281
G1 X75.664 Y159.336
G1 X75.664 Y160.039
G1 X69.336 Y156.523
G1 X70.039 Y158.281
G1 X67.578 Y156.172
G1 X67.227 Y156.875
G1 X64.414 Y155.117
G1 X62.305 Y150.898
G1 X61.953 Y151.953
G1 X65.469 Y160.742
G1 X68.281 Y164.258
G1 X67.227 Y165.312
G1 X74.258 Y171.641
G1 X74.961 Y171.289
G1 X80.938 Y174.805
G1 X77.773 Y174.102
G1 X76.016 Y172.695
G1 X75.312 Y173.047
G1 X73.203 Y171.289
G1 X72.500 Y171.641
G1 X76.016 Y174.453
G1 X79.531 Y175.859
G1 X82.695 Y174.453
G1 X84.102 Y175.156
G1 X84.102 Y174.453
G1 X86.562 Y175.859
G1 X84.805 Y175.156
G1 X81.641 Y175.156
G1 X81.289 Y175.859
G1 X83.398 Y176.211
G1 X84.102 Y177.266
G1 X88.320 Y177.617
G1 X93.945 Y177.266
G1 X95.703 Y175.859
G1 X95.000 Y176.562
G1 X95.703 Y176.914
G1 X95.352 Y178.672
G1 X96.055 Y179.023
G1 X96.758 Y177.617
G1 X97.461 Y178.672
G1 X98.867 Y176.211
G1 X98.867 Y173.750
G1 X100.273 Y173.398
G1 X99.219 Y170.234
G1 X98.164 Y173.750
G1 X95.703 Y175.156
G1 X97.461 Y173.398
G1 X97.812 Y170.938
G1 X99.219 Y168.828
G1 X100.273 Y169.180
G1 X100.977 Y160.039
G1 X99.922 Y159.688
G1 X99.922 Y161.797
G1 X99.570 Y160.039
G1 X98.867 Y161.094
G1 X98.867 Y168.125
G1 X97.109 Y170.234
G1 X92.891 Y171.641
G1 X87.617 Y171.289
G1 X89.727 Y170.586
G1 X90.078 Y171.289
G1 X95.000 Y170.938
G1 X98.867 Y168.125
G1 X98.164 Y167.070
G1 X97.109 Y168.477
G1 X94.648 Y169.180
G1 X90.078 Y168.828
G1 X83.398 Y164.609
G1 X85.156 Y164.961
G1 X82.695 Y162.500
G1 X80.938 Y157.930
G1 X83.047 Y146.328
G1 X77.773 Y145.977
G1 X78.477 Y151.953
G1 X78.828 Y150.195
G1 X78.477 Y155.469
G1 X79.883 Y157.578
G1 X80.586 Y161.797
G1 X76.719 Y151.602
G1 X76.016 Y150.898
G1 X75.664 Y151.953
G1 X74.609 Y150.195
G1 X76.016 Y150.898
G1 X74.961 Y147.031
G1 X78.125 Y154.766
G1 X77.773 Y149.492
G1 X75.664 Y142.109
G1 X75.312 Y143.164
G1 X75.312 Y140.000
G1 X74.609 Y140.000
G1 X74.609 Y141.055
G1 X73.203 Y139.297
G1 X73.906 Y141.406
G1 X72.148 Y138.594
G1 X72.852 Y136.484
G1 X73.555 Y136.836
G1 X75.312 Y134.727
G1 X75.312 Y132.617
G1 X72.852 Y134.023
G1 X70.742 Y138.945
G1 X68.633 Y138.242
G1 X69.336 Y137.539
G1 X68.633 Y137.188
G1 X69.336 Y134.727
G1 X68.633 Y134.375
G1 X69.688 Y132.266
G1 X69.336 Y136.133
G1 X70.742 Y137.539
G1 X73.555 Y131.914
G1 X72.852 Y131.562
G1 X73.203 Y130.508
G1 X73.906 Y130.508
G1 X73.906 Y131.914
G1 X75.312 Y130.859
G1 X75.664 Y127.695
G1 X76.719 Y126.641
G1 X75.664 Y124.883
G1 X72.852 Y123.477
G1 X70.391 Y121.016
G1 X69.688 Y117.500
G1 X68.984 Y117.148
G1 X69.336 Y115.039
G1 X68.633 Y111.875
G1 X67.578 Y110.820
G1 X68.281 Y110.117
G1 X67.578 Y108.711
G1 X68.281 Y109.062
G1 X68.633 Y108.359
G1 X67.578 Y107.305
G1 X68.281 Y106.953
G1 X67.930 Y104.844
G1 X66.875 Y104.141
G1 X67.578 Y104.141
G1 X67.578 Y101.328
G1 X66.875 Y100.625
G1 X67.578 Y99.570
G1 X66.875 Y99.219
G1 X68.984 Y98.164
G1 X70.039 Y96.055
G1 X68.984 Y94.648
G1 X69.688 Y95.352
G1 X70.039 Y94.297
G1 X67.930 Y93.242
G1 X69.688 Y93.242
G1 X68.984 Y92.539
G1 X69.336 Y91.484
G1 X67.930 Y91.484
G1 X67.930 Y90.781
G1 X68.281 Y91.484
G1 X69.336 Y90.430
G1 X66.172 Y79.180
G1 X65.469 Y79.180
G1 X65.820 Y77.773
G1 X61.953 Y65.469
G1 X62.656 Y57.383
G1 X68.633 Y45.078
G1 X66.523 Y46.133
G1 X66.172 Y47.188
G1 X65.117 Y46.836
G1 X64.766 Y49.297
G1 X63.359 Y50.352
G1 X63.711 Y51.406
G1 X61.953 Y52.812
G1 X62.656 Y53.164
G1 X62.305 Y54.570
G1 X61.953 Y53.867
G1 X60.547 Y56.328
G1 X61.602 Y57.031
G1 X61.250 Y58.438
G1 X60.547 Y58.438
G1 X60.898 Y65.469
G1 X60.195 Y65.820
G1 X61.250 Y66.875
G1 X60.195 Y66.875
G1 X60.195 Y68.633
G1 X61.602 Y67.930
G1 X60.195 Y70.742
G1 X61.953 Y69.336
G1 X61.250 Y71.094
G1 X62.305 Y70.742
G1 X61.953 Y72.500
G1 X62.656 Y72.500
G1 X62.305 Y73.906
G1 X63.711 Y76.367
G1 X63.008 Y78.477
G1 X64.414 Y77.773
G1 X63.711 Y80.586
G1 X64.414 Y81.641
G1 X65.117 Y81.289
G1 X64.414 Y82.344
G1 X63.359 Y81.289
G1 X63.359 Y79.531
G1 X64.062 Y79.180
G1 X63.008 Y78.477
G1 X61.953 Y78.828
G1 X62.305 Y81.289
G1 X63.359 Y83.047
G1 X65.469 Y82.695
G1 X63.711 Y84.453
G1 X64.062 Y85.156
G1 X65.117 Y85.156
G1 X66.172 Y83.750
G1 X65.469 Y84.805
G1 X66.875 Y86.211
G1 X65.820 Y87.617
G1 X67.930 Y90.078
G1 X66.172 Y89.023
G1 X65.820 Y87.617
G1 X64.766 Y89.375
G1 X63.711 Y89.023
G1 X64.062 Y87.969
G1 X63.359 Y87.617
G1 X64.414 Y85.859
G1 X62.656 Y84.805
G1 X61.250 Y76.719
G1 X60.195 Y76.016
G1 X62.305 Y75.312
G1 X61.602 Y74.609
G1 X60.195 Y75.312
G1 X60.195 Y73.203
G1 X59.141 Y72.500
G1 X59.844 Y69.688
G1 X58.789 Y69.688
G1 X59.492 Y68.281
G1 X58.789 Y67.578
G1 X58.086 Y61.250
G1 X59.141 Y59.141
G1 X58.789 Y58.086
G1 X59.844 Y57.734
G1 X59.141 Y55.977
G1 X60.547 Y54.922
G1 X59.844 Y53.867
G1 X61.602 Y53.867
G1 X60.547 Y52.812
G1 X63.359 Y50.000
G1 X62.305 Y48.242
G1 X58.789 Y52.109
G1 X57.383 Y54.922
G1 X57.734 Y55.625
G1 X56.680 Y55.977
G1 X57.031 Y57.383
G1 X55.625 Y60.898
G1 X56.680 Y62.656
G1 X55.977 Y64.062
G1 X57.734 Y66.172
G1 X56.680 Y67.578
G1 X57.734 Y68.984
G1 X57.031 Y72.852
G1 X57.734 Y73.203
G1 X58.086 Y76.719
G1 X59.492 Y76.367
G1 X58.789 Y76.367
G1 X59.141 Y77.773
G1 X57.734 Y78.125
G1 X58.789 Y78.477
G1 X59.141 Y80.234
G1 X59.492 Y79.531
G1 X60.195 Y79.883
G1 X58.789 Y81.289
G1 X60.898 Y81.641
G1 X61.250 Y84.453
G1 X59.844 Y84.102
G1 X60.195 Y85.508
G1 X61.250 Y85.859
G1 X60.898 Y89.375
G1 X60.195 Y88.672
G1 X60.547 Y90.078
G1 X58.789 Y92.891
G1 X59.492 Y93.594
G1 X60.195 Y92.539
G1 X59.492 Y93.945
G1 X57.383 Y92.891
G1 X57.734 Y90.781
G1 X56.328 Y88.320
G1 X57.383 Y87.617
G1 X57.031 Y86.211
G1 X57.734 Y85.859
G1 X57.031 Y89.375
G1 X58.086 Y90.430
G1 X57.383 Y92.188
G1 X58.789 Y92.891
G1 X59.141 Y92.188
G1 X58.438 Y91.836
G1 X59.492 Y91.836
G1 X59.844 Y89.375
G1 X58.789 Y87.617
G1 X59.492 Y85.508
G1 X58.086 Y84.805
G1 X56.328 Y85.156
G1 X58.086 Y84.453
G1 X57.383 Y80.938
G1 X58.438 Y79.883
G1 X56.680 Y80.234
G1 X57.383 Y79.531
G1 X56.680 Y78.477
G1 X58.086 Y77.773
G1 X57.734 Y75.312
G1 X56.680 Y74.258
G1 X57.383 Y73.555
G1 X55.977 Y73.555
G1 X57.031 Y70.039
G1 X55.977 Y68.633
G1 X55.977 Y63.359
G1 X54.922 Y63.711
G1 X55.625 Y62.305
G1 X54.219 Y60.898
G1 X53.867 Y62.656
G1 X53.164 Y62.305
G1 X54.219 Y60.898
G1 X55.273 Y60.898
G1 X54.922 Y59.844
G1 X55.977 Y58.438
G1 X55.273 Y58.086
G1 X56.328 Y56.680
G1 X56.328 Y54.922
G1 X59.141 Y50.000
G1 X60.898 Y48.945
G1 X61.250 Y47.188
G1 X57.383 Y46.836
G1 X53.867 Y47.891
G1 X53.516 Y48.945
G1 X51.406 Y48.242
G1 X47.539 Y48.945
G1 X45.781 Y47.891
G1 X44.375 Y48.594
G1 X43.320 Y47.188
G1 X42.969 Y47.891
G1 X41.211 Y47.188
G1 X42.266 Y46.836
G1 X41.562 Y46.133
G1 X40.156 Y46.484
G1 X40.156 Y45.430
G1 X38.750 Y45.078
G1 X38.750 Y46.836
G1 X37.695 Y48.242
G1 X38.047 Y49.648
G1 X39.102 Y49.648
G1 X38.750 Y48.945
G1 X39.102 Y49.648
G1 X37.695 Y50.352
G1 X40.156 Y50.703
G1 X39.102 Y50.703
G1 X39.453 Y53.164
G1 X40.156 Y51.758
G1 X40.508 Y52.812
G1 X41.914 Y52.812
G1 X41.211 Y53.164
G1 X42.617 Y53.867
G1 X41.211 Y54.570
G1 X39.453 Y53.164
G1 X38.750 Y55.625
G1 X40.156 Y55.273
G1 X39.453 Y56.680
G1 X41.211 Y59.492
G1 X42.617 Y58.789
G1 X41.914 Y59.492
G1 X44.023 Y60.195
G1 X41.211 Y59.492
G1 X40.508 Y61.250
G1 X41.562 Y61.602
G1 X42.266 Y60.898
G1 X41.914 Y62.305
G1 X42.969 Y61.602
G1 X44.727 Y62.305
G1 X44.023 Y61.953
G1 X43.320 Y62.656
G1 X44.727 Y63.008
G1 X42.969 Y63.359
G1 X41.914 Y65.117
G1 X42.617 Y65.820
G1 X43.672 Y64.414
G1 X43.672 Y65.820
G1 X45.781 Y63.359
G1 X45.430 Y65.117
G1 X44.023 Y66.172
G1 X43.672 Y70.742
G1 X45.430 Y70.391
G1 X44.727 Y68.281
G1 X46.133 Y65.820
G1 X46.484 Y68.633
G1 X47.539 Y69.688
G1 X48.594 Y69.336
G1 X47.188 Y69.688
G1 X47.188 Y71.094
G1 X45.781 Y72.148
G1 X45.430 Y71.445
G1 X46.484 Y70.742
G1 X46.133 Y69.688
G1 X46.836 Y68.984
G1 X45.781 Y67.930
G1 X45.078 Y68.281
G1 X45.430 Y70.391
G1 X44.727 Y72.148
G1 X44.023 Y72.148
G1 X45.078 Y77.773
G1 X46.133 Y77.422
G1 X45.430 Y76.016
G1 X46.484 Y76.367
G1 X47.539 Y74.258
G1 X46.484 Y72.852
G1 X47.188 Y73.555
G1 X48.945 Y71.094
G1 X50.000 Y71.445
G1 X49.297 Y71.094
G1 X48.242 Y73.555
G1 X47.539 Y73.555
G1 X48.594 Y74.609
G1 X47.539 Y74.609
G1 X47.188 Y77.070
G1 X46.836 Y76.367
G1 X46.133 Y77.773
G1 X46.484 Y80.586
G1 X47.539 Y80.586
G1 X46.133 Y81.641
G1 X47.891 Y82.344
G1 X48.594 Y80.586
G1 X48.242 Y81.992
G1 X49.297 Y81.992
G1 X47.539 Y84.102
G1 X47.539 Y86.562
G1 X48.242 Y87.266
G1 X50.000 Y85.508
G1 X47.891 Y90.781
G1 X47.891 Y87.266
G1 X47.539 Y88.320
G1 X46.836 Y87.969
G1 X45.781 Y89.023
G1 X46.133 Y90.078
G1 X42.617 Y89.375
G1 X40.508 Y91.133
G1 X42.266 Y93.594
G1 X43.320 Y93.594
G1 X43.672 Y92.188
G1 X44.375 Y93.945
G1 X43.672 Y93.242
G1 X42.617 Y94.297
G1 X40.156 Y91.836
G1 X40.156 Y89.023
G1 X40.508 Y90.430
G1 X42.969 Y88.672
G1 X45.781 Y89.023
G1 X46.133 Y87.969
G1 X45.078 Y85.859
G1 X41.562 Y86.914
G1 X41.562 Y85.859
G1 X45.078 Y85.859
G1 X45.430 Y84.453
G1 X44.023 Y80.586
G1 X41.562 Y81.289
G1 X43.672 Y80.234
G1 X44.375 Y78.828
G1 X42.969 Y71.445
G1 X42.266 Y71.445
G1 X42.969 Y69.688
G1 X36.641 Y51.406
G1 X36.289 Y44.023
G1 X36.992 Y39.805
G1 X34.883 Y36.289
G1 X34.531 Y32.773
G1 X38.047 Y25.039
G1 X46.836 Y15.195
G1 X48.945 Y13.789
G1 X54.570 Y14.492
G1 X54.570 Y12.383
G1 X50.703 Y5.352
G1 X53.164 Y5.352
G1 X52.461 Y6.406
G1 X53.516 Y9.219
G1 X54.570 Y8.164
G1 X53.867 Y6.055
G1 X55.273 Y5.352
G1 X54.219 Y7.109
G1 X54.922 Y7.461
G1 X54.219 Y8.867
G1 X55.273 Y10.625
G1 X57.383 Y10.273
G1 X58.438 Y9.219
G1 X58.086 Y8.516
G1 X57.383 Y8.867
G1 X57.031 Y7.461
G1 X58.086 Y7.109
G1 X57.031 Y6.055
G1 X57.734 Y5.703
G1 X55.977 Y5.352
G1 X58.438 Y5.352
G1 X57.734 Y6.406
G1 X58.789 Y6.758
G1 X59.141 Y9.570
G1 X57.734 Y9.922
G1 X59.492 Y11.680
G1 X61.602 Y10.625
G1 X60.898 Y7.812
G1 X59.492 Y7.461
G1 X60.547 Y5.352
G1 X61.250 Y6.406
G1 X61.953 Y5.352
G1 X63.008 Y5.703
G1 X63.711 Y7.812
G1 X62.305 Y10.273
G1 X63.008 Y10.977
G1 X64.062 Y10.273
G1 X63.359 Y9.570
G1 X64.414 Y10.273
G1 X64.062 Y11.328
G1 X65.820 Y15.547
G1 X65.117 Y16.953
G1 X66.172 Y16.953
G1 X66.875 Y21.523
G1 X68.633 Y23.984
G1 X68.984 Y21.523
G1 X64.414 Y5.352
G1 X65.820 Y7.461
G1 X65.469 Y8.164
G1 X66.172 Y8.164
G1 X65.820 Y9.922
G1 X66.875 Y10.977
G1 X67.227 Y14.492
G1 X68.281 Y15.195
G1 X70.742 Y13.086
G1 X69.688 Y10.977
G1 X70.742 Y10.273
G1 X67.930 Y7.461
G1 X67.578 Y5.352
G1 X69.688 Y5.352
G1 X68.281 Y6.406
G1 X70.742 Y9.570
G1 X72.852 Y7.461
G1 X72.500 Y5.352
G1 X73.555 Y6.055
G1 X73.555 Y7.812
G1 X72.500 Y9.219
G1 X72.852 Y11.328
G1 X71.445 Y10.273
G1 X70.742 Y10.977
G1 X71.094 Y12.383
G1 X74.609 Y16.250
G1 X73.555 Y19.062
G1 X72.148 Y19.062
G1 X71.797 Y20.469
G1 X70.742 Y19.414
G1 X69.336 Y20.117
G1 X71.094 Y22.578
G1 X70.391 Y23.633
G1 X71.094 Y24.336
G1 X71.797 Y23.633
G1 X72.852 Y25.742
G1 X76.367 Y27.148
G1 X75.312 Y32.070
G1 X77.070 Y34.180
G1 X77.422 Y32.070
G1 X76.719 Y31.016
G1 X77.422 Y31.719
G1 X78.477 Y29.961
G1 X77.773 Y26.797
G1 X73.906 Y22.578
G1 X76.719 Y20.117
G1 X77.422 Y16.602
G1 X77.422 Y19.766
G1 X75.312 Y22.930
G1 X76.719 Y23.633
G1 X76.367 Y24.336
G1 X78.125 Y27.148
G1 X79.531 Y27.500
G1 X79.531 Y29.258
G1 X79.180 Y27.852
G1 X78.477 Y30.664
G1 X79.180 Y31.367
G1 X79.531 Y29.961
G1 X79.883 Y31.367
G1 X78.828 Y31.016
G1 X78.125 Y32.070
G1 X78.828 Y32.070
G1 X78.828 Y34.531
G1 X79.883 Y35.586
G1 X80.586 Y32.422
G1 X81.992 Y32.070
G1 X81.289 Y30.664
G1 X80.586 Y31.719
G1 X80.938 Y29.961
G1 X80.234 Y28.555
G1 X81.289 Y24.336
G1 X79.883 Y23.281
G1 X79.531 Y21.875
G1 X78.828 Y22.930
G1 X80.234 Y25.391
G1 X79.180 Y26.797
G1 X79.531 Y25.039
G1 X78.477 Y23.984
G1 X78.828 Y21.523
G1 X79.531 Y21.172
G1 X78.477 Y11.680
G1 X77.422 Y10.977
G1 X78.125 Y10.273
G1 X77.422 Y9.219
G1 X77.422 Y5.352
G1 X79.180 Y5.352
G1 X77.773 Y6.055
G1 X79.531 Y7.109
G1 X79.531 Y7.812
G1 X78.828 Y8.164
G1 X78.828 Y7.109
G1 X78.125 Y7.812
G1 X78.828 Y15.195
G1 X80.586 Y15.195
G1 X79.531 Y15.195
G1 X79.180 Y16.602
G1 X80.234 Y18.359
G1 X80.234 Y22.227
G1 X81.641 Y23.984
G1 X82.695 Y22.930
G1 X82.695 Y21.172
G1 X81.641 Y19.766
G1 X83.047 Y20.469
G1 X83.750 Y22.227
G1 X86.562 Y20.117
G1 X86.562 Y19.062
G1 X85.508 Y18.359
G1 X87.266 Y17.656
G1 X85.156 Y14.492
G1 X83.398 Y14.844
G1 X84.102 Y13.086
G1 X88.672 Y16.953
G1 X87.266 Y20.117
G1 X89.375 Y22.578
G1 X90.781 Y22.227
G1 X92.188 Y18.711
G1 X91.484 Y15.898
G1 X90.430 Y14.844
G1 X89.375 Y16.250
G1 X89.727 Y13.789
G1 X86.914 Y12.031
G1 X86.211 Y10.625
G1 X86.211 Y11.680
G1 X85.508 Y11.328
G1 X85.508 Y9.219
G1 X84.102 Y9.219
G1 X82.344 Y6.406
G1 X83.047 Y7.109
G1 X83.750 Y5.352
G1 X85.156 Y6.406
G1 X85.859 Y5.352
G1 X87.266 Y5.352
G1 X85.508 Y6.758
G1 X85.156 Y8.164
G1 X91.836 Y15.547
G1 X92.188 Y14.492
G1 X90.430 Y9.570
G1 X94.648 Y8.164
G1 X93.242 Y6.758
G1 X93.242 Y5.703
G1 X93.945 Y5.703
G1 X95.000 Y7.812
G1 X94.648 Y9.219
G1 X93.242 Y8.867
G1 X91.133 Y10.977
G1 X91.836 Y11.680
G1 X93.594 Y10.625
G1 X91.836 Y12.734
G1 X92.188 Y13.789
G1 X94.648 Y12.031
G1 X94.648 Y13.086
G1 X93.945 Y12.734
G1 X92.539 Y14.492
G1 X92.891 Y17.656
G1 X92.188 Y19.062
G1 X93.242 Y20.469
G1 X93.242 Y23.984
G1 X94.297 Y25.391
G1 X95.352 Y24.688
G1 X95.352 Y25.391
G1 X93.242 Y25.039
G1 X92.188 Y20.469
G1 X91.133 Y22.578
G1 X95.000 Y32.422
G1 X93.242 Y34.180
G1 X93.242 Y35.234
G1 X94.297 Y34.531
G1 X94.648 Y36.289
G1 X95.703 Y33.477
G1 X96.055 Y34.531
G1 X94.297 Y36.641
G1 X94.297 Y38.398
G1 X95.000 Y38.750
G1 X94.297 Y43.320
G1 X92.891 Y44.023
G1 X92.891 Y45.781
G1 X93.594 Y46.133
G1 X94.297 Y44.375
G1 X94.648 Y45.781
G1 X93.945 Y46.484
G1 X95.000 Y46.836
G1 X94.297 Y47.539
G1 X94.297 Y54.570
G1 X93.594 Y57.031
G1 X91.836 Y59.141
G1 X92.539 Y60.898
G1 X93.594 Y59.141
G1 X93.242 Y61.602
G1 X93.945 Y62.305
G1 X93.242 Y64.766
G1 X93.945 Y65.820
G1 X92.539 Y66.875
G1 X92.539 Y68.984
G1 X93.594 Y69.688
G1 X92.891 Y69.336
G1 X92.539 Y70.039
G1 X93.594 Y70.742
G1 X93.594 Y71.797
G1 X94.297 Y71.445
G1 X93.594 Y71.797
G1 X93.594 Y73.906
G1 X94.648 Y76.016
G1 X93.594 Y74.961
G1 X93.242 Y71.797
G1 X91.133 Y68.984
G1 X92.188 Y67.227
G1 X91.484 Y66.523
G1 X92.188 Y66.875
G1 X92.539 Y65.469
G1 X93.242 Y65.469
G1 X92.891 Y62.305
G1 X91.484 Y61.602
G1 X91.836 Y60.547
G1 X87.969 Y56.328
G1 X86.914 Y56.680
G1 X87.266 Y55.977
G1 X85.859 Y55.625
G1 X86.562 Y55.273
G1 X85.508 Y54.570
G1 X85.156 Y55.273
G1 X85.508 Y51.758
G1 X88.672 Y48.242
G1 X86.914 Y46.484
G1 X86.562 Y47.539
G1 X85.508 Y47.188
G1 X84.805 Y47.891
G1 X85.156 Y48.594
G1 X81.641 Y52.109
G1 X82.344 Y52.461
G1 X81.641 Y53.516
G1 X83.047 Y54.570
G1 X81.992 Y57.031
G1 X84.102 Y57.734
G1 X85.859 Y57.031
G1 X86.211 Y59.141
G1 X89.727 Y65.469
G1 X87.969 Y66.172
G1 X88.672 Y67.227
G1 X87.617 Y66.523
G1 X86.914 Y67.578
G1 X86.211 Y67.227
G1 X88.320 Y65.117
G1 X87.969 Y63.359
G1 X86.211 Y60.547
G1 X85.508 Y61.953
G1 X84.102 Y62.305
G1 X84.102 Y63.359
G1 X83.047 Y63.359
G1 X86.211 Y58.789
G1 X85.508 Y57.734
G1 X84.805 Y58.438
G1 X84.453 Y57.734
G1 X83.750 Y58.438
G1 X82.695 Y57.734
G1 X79.180 Y63.359
G1 X78.477 Y66.875
G1 X79.180 Y67.578
G1 X78.477 Y68.984
G1 X79.180 Y68.984
G1 X78.125 Y70.742
G1 X78.477 Y74.258
G1 X77.773 Y74.609
G1 X79.531 Y74.609
G1 X79.531 Y71.445
G1 X80.234 Y71.094
G1 X80.938 Y72.148
G1 X85.156 Y68.633
G1 X83.047 Y65.820
G1 X83.398 Y64.062
G1 X83.398 Y65.820
G1 X85.859 Y67.930
G1 X84.805 Y68.281
G1 X89.375 Y71.094
G1 X95.703 Y80.586
G1 X99.570 Y84.102
G1 X99.219 Y79.180
G1 X99.570 Y79.883
G1 X99.922 Y77.070
G1 X98.867 Y76.016
G1 X99.922 Y73.906
G1 X99.922 Y69.688
G1 X98.867 Y69.336
G1 X98.516 Y71.094
G1 X96.758 Y70.391
G1 X98.164 Y70.742
G1 X98.164 Y67.930
G1 X97.461 Y67.227
G1 X96.406 Y67.930
G1 X97.461 Y67.227
G1 X97.812 Y65.469
G1 X97.109 Y64.414
G1 X98.164 Y62.305
G1 X96.758 Y61.953
G1 X97.461 Y60.898
G1 X98.516 Y61.250
G1 X97.461 Y64.766
G1 X98.867 Y69.336
G1 X99.570 Y68.633
G1 X99.570 Y64.414
G1 X98.867 Y63.359
G1 X99.922 Y64.414
G1 X101.328 Y61.602
G1 X99.922 Y60.195
G1 X100.273 Y58.789
G1 X98.867 Y58.789
G1 X99.570 Y58.438
G1 X98.164 Y54.922
G1 X99.219 Y53.516
G1 X97.461 Y52.461
G1 X95.352 Y53.867
G1 X96.406 Y55.273
G1 X96.055 Y55.977
G1 X95.352 Y55.625
G1 X95.352 Y52.109
G1 X96.406 Y52.812
G1 X97.461 Y51.055
G1 X97.812 Y52.812
G1 X99.219 Y52.461
G1 X99.219 Y54.922
G1 X98.164 Y55.625
G1 X99.219 Y55.625
G1 X99.219 Y58.086
G1 X100.273 Y58.086
G1 X101.680 Y54.570
G1 X100.625 Y53.164
G1 X100.273 Y54.922
G1 X100.273 Y50.352
G1 X100.977 Y49.297
G1 X100.273 Y48.594
G1 X99.219 Y48.945
G1 X99.219 Y51.758
G1 X97.461 Y48.594
G1 X96.055 Y49.297
G1 X96.406 Y50.703
G1 X95.352 Y49.648
G1 X97.109 Y47.891
G1 X96.758 Y47.188
G1 X97.461 Y47.188
G1 X97.461 Y48.594
G1 X98.867 Y49.648
G1 X99.219 Y48.242
G1 X100.977 Y47.891
G1 X101.680 Y44.727
G1 X100.273 Y39.453
G1 X100.977 Y33.828
G1 X99.570 Y28.203
G1 X100.273 Y27.852
G1 X100.625 Y25.039
G1 X99.922 Y22.578
G1 X100.625 Y24.336
G1 X101.328 Y23.281
G1 X99.219 Y16.250
G1 X100.977 Y13.438
G1 X98.867 Y8.867
G1 X99.570 Y6.055
G1 X101.680 Y5.352
G1 X100.625 Y6.406
G1 X102.031 Y7.461
G1 X100.977 Y8.164
G1 X100.273 Y6.758
G1 X99.922 Y9.570
G1 X100.977 Y12.734
G1 X103.086 Y13.789
G1 X100.625 Y15.195
G1 X101.680 Y16.250
G1 X100.273 Y16.602
G1 X100.273 Y19.414
G1 X100.977 Y21.172
G1 X102.031 Y21.523
G1 X101.680 Y22.227
G1 X103.789 Y23.633
G1 X103.086 Y24.688
G1 X103.438 Y23.633
G1 X101.328 Y24.688
G1 X102.031 Y25.742
G1 X100.625 Y26.797
G1 X101.680 Y27.148
G1 X100.273 Y28.203
G1 X100.977 Y28.906
G1 X100.977 Y32.070
G1 X102.031 Y31.367
G1 X102.031 Y30.312
G1 X102.734 Y31.016
G1 X102.734 Y28.906
G1 X105.898 Y24.336
G1 X104.492 Y22.930
G1 X105.898 Y21.523
G1 X104.492 Y19.062
G1 X103.086 Y18.711
G1 X103.789 Y18.359
G1 X103.438 Y16.953
G1 X105.195 Y14.844
G1 X108.008 Y15.195
G1 X108.711 Y14.492
G1 X105.898 Y10.977
G1 X104.141 Y12.383
G1 X104.141 Y10.625
G1 X103.438 Y10.273
G1 X103.789 Y7.812
G1 X105.547 Y5.352
G1 X105.898 Y6.055
G1 X104.141 Y7.812
G1 X103.438 Y9.922
G1 X104.844 Y10.977
G1 X105.547 Y9.922
G1 X106.602 Y10.625
G1 X108.711 Y7.461
G1 X108.711 Y5.352
G1 X110.820 Y5.352
G1 X110.117 Y11.680
G1 X110.820 Y13.086
G1 X110.469 Y23.281
G1 X111.875 Y32.070
G1 X112.578 Y32.070
G1 X112.227 Y43.672
G1 X112.930 Y48.945
G1 X113.984 Y48.594
G1 X113.633 Y47.539
G1 X114.336 Y46.836
G1 X113.633 Y45.781
G1 X114.688 Y45.430
G1 X113.984 Y45.078
G1 X114.688 Y43.672
G1 X113.984 Y43.320
G1 X114.336 Y41.914
G1 X113.633 Y41.914
G1 X114.688 Y41.211
G1 X113.984 Y39.805
G1 X114.688 Y36.992
G1 X113.984 Y36.289
G1 X115.391 Y35.234
G1 X113.984 Y34.883
G1 X113.633 Y33.828
G1 X114.688 Y33.828
G1 X113.984 Y30.664
G1 X115.039 Y30.664
G1 X113.984 Y32.422
G1 X115.039 Y34.531
G1 X116.094 Y33.828
G1 X115.391 Y32.773
G1 X116.094 Y32.773
G1 X115.742 Y31.367
G1 X116.445 Y31.719
G1 X116.797 Y31.016
G1 X117.852 Y32.422
G1 X118.906 Y31.719
G1 X117.500 Y30.664
G1 X118.555 Y30.664
G1 X118.203 Y29.609
G1 X118.906 Y31.016
G1 X119.609 Y29.961
G1 X118.906 Y29.258
G1 X119.961 Y29.258
G1 X118.555 Y27.852
G1 X119.961 Y27.148
G1 X118.906 Y24.336
G1 X120.312 Y23.984
G1 X120.312 Y21.875
G1 X118.906 Y20.820
G1 X119.961 Y18.008
G1 X119.258 Y17.305
G1 X118.203 Y19.766
G1 X118.203 Y17.656
G1 X119.609 Y16.602
G1 X119.961 Y18.008
G1 X120.664 Y17.305
G1 X123.477 Y17.656
G1 X123.125 Y19.062
G1 X122.422 Y17.656
G1 X121.367 Y19.414
G1 X121.719 Y20.469
G1 X122.773 Y20.117
G1 X122.070 Y20.820
G1 X122.773 Y21.172
G1 X121.367 Y21.172
G1 X121.016 Y23.984
G1 X121.719 Y22.930
G1 X123.828 Y22.578
G1 X124.180 Y24.336
G1 X125.586 Y22.227
G1 X124.883 Y24.336
G1 X122.422 Y22.930
G1 X121.016 Y24.688
G1 X121.367 Y26.797
G1 X122.773 Y25.391
G1 X122.422 Y24.688
G1 X123.477 Y24.688
G1 X123.125 Y26.445
G1 X122.773 Y25.391
G1 X120.664 Y27.500
G1 X121.367 Y27.852
G1 X119.961 Y28.555
G1 X120.664 Y28.906
G1 X120.312 Y30.312
G1 X118.555 Y32.422
G1 X119.258 Y33.125
G1 X121.367 Y32.070
G1 X120.312 Y31.719
G1 X122.070 Y30.664
G1 X121.719 Y29.961
G1 X122.422 Y30.664
G1 X122.773 Y29.258
G1 X123.828 Y29.609
G1 X124.180 Y28.906
G1 X123.477 Y28.555
G1 X125.234 Y27.852
G1 X125.586 Y26.445
G1 X124.531 Y25.391
G1 X125.586 Y26.445
G1 X125.938 Y28.555
G1 X126.641 Y26.445
G1 X127.695 Y28.203
G1 X128.047 Y27.148
G1 X127.344 Y26.445
G1 X128.398 Y26.094
G1 X128.750 Y25.039
G1 X128.047 Y24.688
G1 X128.750 Y25.039
G1 X129.805 Y22.930
G1 X130.156 Y25.039
G1 X129.102 Y25.742
G1 X129.102 Y28.203
G1 X130.156 Y29.258
G1 X130.859 Y28.906
G1 X130.508 Y26.094
G1 X131.562 Y22.930
G1 X133.320 Y21.523
G1 X133.320 Y19.414
G1 X134.023 Y19.766
G1 X135.078 Y18.711
G1 X134.375 Y16.250
G1 X134.375 Y17.656
G1 X133.672 Y17.305
G1 X132.969 Y18.359
G1 X132.617 Y17.656
G1 X134.023 Y16.953
G1 X135.078 Y14.492
G1 X136.133 Y14.492
G1 X135.430 Y13.789
G1 X136.133 Y12.031
G1 X137.188 Y13.086
G1 X138.242 Y12.734
G1 X136.836 Y13.789
G1 X135.781 Y18.359
G1 X131.211 Y28.906
G1 X129.453 Y30.664
G1 X128.750 Y30.664
G1 X129.805 Y29.961
G1 X128.750 Y28.906
G1 X128.398 Y29.961
G1 X127.344 Y29.961
G1 X125.938 Y33.477
G1 X124.883 Y32.773
G1 X122.773 Y34.531
G1 X123.828 Y33.125
G1 X122.422 Y32.422
G1 X121.719 Y33.125
G1 X122.422 Y33.477
G1 X122.070 Y34.180
G1 X121.719 Y33.125
G1 X120.312 Y33.828
G1 X119.961 Y35.586
G1 X122.070 Y35.586
G1 X121.016 Y36.992
G1 X119.609 Y35.234
G1 X118.555 Y35.938
G1 X120.664 Y37.695
G1 X118.906 Y40.156
G1 X119.258 Y42.266
G1 X117.148 Y42.617
G1 X116.797 Y41.211
G1 X117.852 Y41.211
G1 X117.852 Y39.453
G1 X118.203 Y40.859
G1 X119.258 Y39.453
G1 X118.203 Y38.750
G1 X118.203 Y36.992
G1 X115.391 Y41.914
G1 X115.391 Y43.320
G1 X116.797 Y43.320
G1 X117.148 Y44.727
G1 X115.742 Y43.672
G1 X115.391 Y45.078
G1 X116.445 Y46.836
G1 X118.555 Y47.188
G1 X117.852 Y45.430
G1 X116.797 Y45.781
G1 X117.852 Y45.430
G1 X118.906 Y46.836
G1 X120.312 Y44.375
G1 X121.719 Y43.672
G1 X123.125 Y39.453
G1 X125.234 Y38.398
G1 X124.531 Y37.344
G1 X126.289 Y38.047
G1 X125.586 Y36.992
G1 X127.344 Y36.641
G1 X126.992 Y37.695
G1 X127.695 Y38.047
G1 X128.750 Y36.641
G1 X128.398 Y37.344
G1 X129.805 Y38.398
G1 X130.508 Y37.695
G1 X131.914 Y38.047
G1 X132.266 Y36.641
G1 X132.969 Y37.344
G1 X134.023 Y35.938
G1 X133.320 Y37.695
G1 X132.266 Y37.695
G1 X131.562 Y38.750
G1 X131.914 Y39.805
G1 X132.969 Y38.750
G1 X132.617 Y39.453
G1 X130.508 Y40.156
G1 X130.508 Y41.562
G1 X132.266 Y41.211
G1 X134.727 Y36.992
G1 X133.672 Y40.859
G1 X136.133 Y39.453
G1 X136.133 Y38.047
G1 X137.539 Y38.047
G1 X135.781 Y35.938
G1 X135.078 Y36.289
G1 X135.078 Y35.234
G1 X136.484 Y36.641
G1 X137.188 Y35.938
G1 X138.945 Y37.695
G1 X139.648 Y37.344
G1 X138.594 Y38.398
G1 X139.648 Y38.750
G1 X138.242 Y40.156
G1 X137.188 Y39.805
G1 X134.375 Y40.859
G1 X134.023 Y42.266
G1 X133.320 Y42.617
G1 X133.320 Y41.562
G1 X130.508 Y44.727
G1 X129.805 Y44.375
G1 X125.938 Y47.188
G1 X123.828 Y49.648
G1 X124.531 Y50.352
G1 X128.047 Y47.188
G1 X129.453 Y46.836
G1 X129.453 Y47.891
G1 X131.211 Y47.539
G1 X129.453 Y48.594
G1 X129.805 Y49.297
G1 X130.859 Y48.594
G1 X130.156 Y49.648
G1 X129.102 Y48.945
G1 X125.938 Y52.109
G1 X122.422 Y49.297
G1 X118.555 Y47.891
G1 X113.984 Y49.297
G1 X111.875 Y52.109
G1 X106.602 Y55.625
G1 X105.547 Y58.438
G1 X106.602 Y59.141
G1 X113.633 Y54.570
G1 X117.148 Y54.219
G1 X117.148 Y54.922
G1 X114.688 Y54.922
G1 X110.117 Y57.031
G1 X105.195 Y60.898
G1 X104.844 Y63.008
G1 X104.844 Y59.844
G1 X103.086 Y59.141
G1 X103.789 Y58.789
G1 X103.086 Y57.031
G1 X104.492 Y58.086
G1 X105.547 Y57.031
G1 X105.195 Y55.625
G1 X106.602 Y54.570
G1 X105.547 Y51.758
G1 X104.492 Y51.758
G1 X104.844 Y52.812
G1 X103.438 Y51.758
G1 X104.141 Y51.055
G1 X103.789 Y47.891
G1 X106.953 Y45.430
G1 X105.898 Y41.562
G1 X103.086 Y41.211
G1 X103.086 Y40.508
G1 X103.789 Y41.211
G1 X104.492 Y40.508
G1 X105.898 Y40.859
G1 X108.008 Y38.398
G1 X105.898 Y36.289
G1 X105.195 Y39.805
G1 X104.141 Y39.102
G1 X105.195 Y37.695
G1 X104.844 Y36.289
G1 X105.898 Y36.289
G1 X105.195 Y34.883
G1 X109.062 Y38.398
G1 X110.820 Y39.102
G1 X111.172 Y38.047
G1 X110.117 Y36.992
G1 X110.820 Y36.289
G1 X109.414 Y33.828
G1 X105.898 Y32.422
G1 X105.195 Y32.773
G1 X106.250 Y33.477
G1 X105.195 Y33.477
G1 X105.547 Y31.719
G1 X104.141 Y28.906
G1 X103.086 Y29.609
G1 X103.438 Y32.070
G1 X102.383 Y31.367
G1 X101.328 Y32.773
G1 X102.734 Y33.828
G1 X102.031 Y34.180
G1 X102.383 Y34.883
G1 X103.789 Y34.883
G1 X101.328 Y35.938
G1 X101.680 Y36.992
G1 X100.625 Y38.398
G1 X101.328 Y39.453
G1 X102.031 Y38.047
G1 X100.977 Y39.805
G1 X101.680 Y42.617
G1 X102.383 Y43.320
G1 X104.844 Y42.969
G1 X103.789 Y43.672
G1 X104.492 Y44.023
G1 X102.031 Y44.727
G1 X102.383 Y45.781
G1 X101.680 Y46.484
G1 X102.383 Y47.539
G1 X101.328 Y47.891
G1 X100.977 Y52.109
G1 X102.734 Y54.570
G1 X101.328 Y55.273
G1 X100.625 Y59.492
G1 X101.680 Y59.141
G1 X102.383 Y59.844
G1 X101.680 Y59.141
G1 X100.977 Y59.844
G1 X101.680 Y61.602
G1 X104.141 Y64.414
G1 X108.711 Y61.250
G1 X119.609 Y56.680
G1 X118.203 Y55.273
G1 X118.906 Y54.922
G1 X123.828 Y59.844
G1 X125.234 Y63.008
G1 X125.234 Y64.766
G1 X123.828 Y66.875
G1 X119.961 Y68.984
G1 X115.391 Y70.039
G1 X114.688 Y70.742
G1 X115.039 Y71.797
G1 X114.336 Y71.445
G1 X112.578 Y72.500
G1 X110.469 Y74.961
G1 X110.820 Y72.148
G1 X110.117 Y71.445
G1 X105.195 Y71.445
G1 X104.141 Y72.148
G1 X105.898 Y75.664
G1 X105.195 Y77.422
G1 X108.711 Y80.586
G1 X104.492 Y77.773
G1 X101.680 Y78.828
G1 X100.273 Y80.938
G1 X100.977 Y81.289
G1 X99.922 Y81.992
G1 X101.680 Y85.508
G1 X108.008 Y92.188
G1 X109.414 Y90.781
G1 X108.711 Y88.672
G1 X110.469 Y84.453
G1 X110.117 Y80.586
G1 X111.523 Y80.586
G1 X110.469 Y79.531
G1 X111.172 Y77.773
G1 X110.820 Y75.664
G1 X119.258 Y73.555
G1 X125.234 Y67.930
G1 X128.750 Y60.898
G1 X129.102 Y61.602
G1 X128.047 Y62.656
G1 X128.750 Y63.359
G1 X131.211 Y63.359
G1 X132.266 Y62.305
G1 X137.539 Y60.547
G1 X138.945 Y59.492
G1 X141.055 Y55.625
G1 X145.273 Y54.922
G1 X150.898 Y50.703
G1 X150.547 Y50.000
G1 X151.602 Y50.000
G1 X151.953 Y48.242
G1 X153.359 Y47.891
G1 X152.656 Y46.836
G1 X154.414 Y47.188
G1 X154.766 Y46.133
G1 X153.711 Y45.781
G1 X154.414 Y45.078
G1 X154.414 Y45.781
G1 X155.469 Y45.078
G1 X155.469 Y46.484
G1 X156.172 Y46.133
G1 X156.172 Y44.727
G1 X155.117 Y44.375
G1 X156.172 Y43.320
G1 X155.469 Y42.617
G1 X155.117 Y43.320
G1 X155.117 Y42.266
G1 X153.711 Y42.969
G1 X153.008 Y44.727
G1 X151.250 Y42.266
G1 X151.602 Y39.102
G1 X152.656 Y38.398
G1 X151.602 Y39.805
G1 X153.008 Y40.156
G1 X153.359 Y38.047
G1 X154.062 Y38.398
G1 X154.414 Y37.695
G1 X152.656 Y36.992
G1 X152.305 Y35.586
G1 X150.195 Y36.289
G1 X150.547 Y35.586
G1 X153.008 Y35.586
G1 X153.359 Y34.180
G1 X151.602 Y32.773
G1 X150.898 Y33.125
G1 X151.602 Y34.180
G1 X150.195 Y34.180
G1 X149.844 Y31.016
G1 X149.141 Y30.664
G1 X148.789 Y32.422
G1 X146.680 Y33.125
G1 X145.977 Y32.422
G1 X147.734 Y32.422
G1 X148.438 Y31.367
G1 X145.273 Y31.367
G1 X144.922 Y32.773
G1 X145.977 Y30.664
G1 X144.922 Y28.203
G1 X144.570 Y28.906
G1 X142.812 Y28.906
G1 X143.867 Y29.961
G1 X142.812 Y31.367
G1 X143.164 Y29.258
G1 X142.461 Y28.203
G1 X141.758 Y29.609
G1 X141.406 Y28.906
G1 X140.352 Y29.609
G1 X138.945 Y27.852
G1 X137.539 Y29.258
G1 X138.594 Y27.852
G1 X137.188 Y26.797
G1 X136.133 Y27.500
G1 X137.188 Y27.852
G1 X136.836 Y28.555
G1 X135.430 Y28.203
G1 X134.727 Y28.906
G1 X136.484 Y29.258
G1 X136.484 Y30.312
G1 X136.133 Y29.609
G1 X132.617 Y31.016
G1 X131.914 Y30.312
G1 X133.672 Y29.961
G1 X134.727 Y28.203
G1 X131.914 Y28.555
G1 X137.539 Y25.742
G1 X141.406 Y25.742
G1 X146.680 Y27.148
G1 X148.789 Y29.258
G1 X149.844 Y28.555
G1 X154.766 Y35.234
G1 X153.711 Y39.805
G1 X151.602 Y40.859
G1 X153.008 Y41.562
G1 X151.250 Y42.266
G1 X153.008 Y43.672
G1 X154.766 Y41.914
G1 X153.711 Y41.211
G1 X154.062 Y40.508
G1 X156.875 Y40.508
G1 X156.523 Y41.562
G1 X157.578 Y41.914
G1 X158.984 Y44.375
G1 X158.281 Y45.781
G1 X159.336 Y45.781
G1 X158.984 Y47.188
G1 X159.688 Y47.539
G1 X158.281 Y48.945
G1 X159.336 Y49.297
G1 X158.633 Y50.703
G1 X156.523 Y51.758
G1 X156.875 Y53.867
G1 X155.820 Y53.867
G1 X156.875 Y53.516
G1 X155.820 Y51.055
G1 X157.227 Y50.703
G1 X155.469 Y49.648
G1 X154.414 Y51.406
G1 X155.469 Y52.461
G1 X154.414 Y55.273
G1 X153.711 Y55.625
G1 X155.117 Y52.812
G1 X153.711 Y51.406
G1 X154.062 Y52.812
G1 X153.359 Y53.516
G1 X152.656 Y51.406
G1 X151.953 Y52.109
G1 X152.656 Y52.461
G1 X152.305 Y54.219
G1 X151.602 Y53.867
G1 X149.141 Y56.328
G1 X148.789 Y57.734
G1 X149.141 Y55.977
G1 X147.734 Y55.273
G1 X148.086 Y56.680
G1 X147.031 Y59.844
G1 X147.734 Y57.031
G1 X146.680 Y57.031
G1 X147.734 Y55.625
G1 X147.031 Y54.922
G1 X145.977 Y56.328
G1 X146.328 Y59.141
G1 X145.625 Y55.625
G1 X144.922 Y57.031
G1 X145.273 Y58.789
G1 X144.219 Y60.195
G1 X145.273 Y60.547
G1 X145.625 Y59.492
G1 X145.977 Y60.195
G1 X142.812 Y64.062
G1 X144.570 Y62.305
G1 X143.867 Y61.953
G1 X144.570 Y61.250
G1 X144.219 Y59.141
G1 X145.273 Y58.086
G1 X144.570 Y55.977
G1 X144.219 Y57.383
G1 X143.164 Y57.383
G1 X143.867 Y58.438
G1 X143.164 Y58.086
G1 X140.703 Y61.250
G1 X141.055 Y61.953
G1 X141.758 Y61.250
G1 X141.406 Y62.656
G1 X142.109 Y63.359
G1 X140.703 Y64.766
G1 X140.352 Y63.711
G1 X138.945 Y65.117
G1 X139.648 Y66.875
G1 X140.352 Y65.469
G1 X138.594 Y67.227
G1 X139.297 Y67.578
G1 X138.945 Y70.039
G1 X137.891 Y71.094
G1 X137.188 Y68.984
G1 X139.297 Y65.469
G1 X138.242 Y64.766
G1 X137.188 Y67.227
G1 X135.781 Y67.227
G1 X134.375 Y68.633
G1 X134.023 Y67.930
G1 X135.781 Y67.227
G1 X135.430 Y66.523
G1 X134.375 Y66.875
G1 X134.727 Y65.820
G1 X136.133 Y65.820
G1 X136.133 Y67.227
G1 X138.242 Y64.414
G1 X136.484 Y62.656
G1 X135.078 Y62.656
G1 X132.969 Y64.414
G1 X133.672 Y65.117
G1 X132.969 Y65.469
G1 X133.672 Y66.172
G1 X132.969 Y67.578
G1 X133.672 Y68.633
G1 X132.266 Y69.336
G1 X134.023 Y69.336
G1 X132.617 Y71.094
G1 X133.320 Y71.445
G1 X132.969 Y72.852
G1 X132.969 Y70.039
G1 X131.562 Y69.688
G1 X131.211 Y70.391
G1 X132.617 Y73.906
G1 X131.914 Y74.961
G1 X132.617 Y76.016
G1 X133.320 Y74.961
G1 X133.672 Y76.367
G1 X132.266 Y78.477
G1 X132.617 Y79.180
G1 X132.266 Y78.477
G1 X133.672 Y76.016
G1 X131.914 Y76.367
G1 X132.266 Y77.070
G1 X131.211 Y78.477
G1 X131.211 Y79.531
G1 X132.266 Y79.883
G1 X131.914 Y80.938
G1 X133.320 Y80.234
G1 X134.023 Y77.773
G1 X135.781 Y74.961
G1 X136.836 Y74.609
G1 X135.430 Y73.555
G1 X136.484 Y73.203
G1 X137.188 Y73.906
G1 X136.484 Y74.961
G1 X138.242 Y75.312
G1 X139.297 Y73.906
G1 X137.539 Y72.500
G1 X138.594 Y72.148
G1 X139.648 Y74.609
G1 X138.594 Y75.664
G1 X137.891 Y74.961
G1 X135.781 Y75.664
G1 X134.023 Y78.828
G1 X133.672 Y81.641
G1 X132.969 Y80.938
G1 X132.617 Y81.992
G1 X133.672 Y83.047
G1 X135.078 Y80.586
G1 X134.023 Y82.344
G1 X134.727 Y83.398
G1 X135.430 Y83.047
G1 X135.781 Y79.883
G1 X135.078 Y79.531
G1 X136.133 Y78.828
G1 X136.133 Y77.070
G1 X136.836 Y77.070
G1 X136.484 Y79.180
G1 X137.188 Y78.828
G1 X137.539 Y80.234
G1 X138.242 Y80.234
G1 X136.484 Y80.586
G1 X135.430 Y81.992
G1 X136.484 Y82.695
G1 X135.078 Y83.398
G1 X136.133 Y84.805
G1 X135.430 Y85.859
G1 X136.484 Y85.508
G1 X135.781 Y86.914
G1 X136.484 Y87.969
G1 X137.539 Y84.102
G1 X137.891 Y86.914
G1 X137.188 Y87.969
G1 X138.945 Y89.375
G1 X138.242 Y91.836
G1 X140.352 Y90.430
G1 X138.594 Y92.188
G1 X138.594 Y93.242
G1 X140.000 Y93.242
G1 X139.648 Y95.352
G1 X140.703 Y95.352
G1 X141.406 Y97.812
G1 X140.000 Y99.570
G1 X140.703 Y100.625
G1 X141.406 Y100.273
G1 X140.703 Y100.977
G1 X140.352 Y98.867
G1 X138.242 Y97.461
G1 X138.945 Y96.758
G1 X137.891 Y95.000
G1 X137.891 Y92.188
G1 X136.484 Y92.539
G1 X137.188 Y90.781
G1 X136.484 Y90.078
G1 X135.430 Y90.781
G1 X136.484 Y89.023
G1 X135.781 Y88.320
G1 X133.672 Y88.672
G1 X132.617 Y86.562
G1 X131.211 Y87.266
G1 X132.266 Y86.211
G1 X133.672 Y87.266
G1 X134.727 Y85.508
G1 X130.156 Y80.938
G1 X130.859 Y83.750
G1 X130.156 Y84.102
G1 X131.211 Y85.508
G1 X129.805 Y85.859
G1 X129.805 Y87.266
G1 X131.211 Y88.320
G1 X132.266 Y87.617
G1 X130.859 Y90.430
G1 X132.617 Y89.375
G1 X133.672 Y90.078
G1 X131.562 Y90.430
G1 X131.211 Y91.836
G1 X132.969 Y91.836
G1 X134.727 Y93.242
G1 X135.781 Y92.891
G1 X135.078 Y93.594
G1 X132.266 Y92.539
G1 X131.562 Y93.945
G1 X134.375 Y95.000
G1 X132.969 Y96.406
G1 X134.727 Y96.055
G1 X134.023 Y97.461
G1 X135.430 Y98.164
G1 X134.727 Y98.867
G1 X137.188 Y103.086
G1 X136.133 Y104.141
G1 X136.484 Y104.844
G1 X135.781 Y103.789
G1 X136.836 Y102.734
G1 X136.133 Y102.031
G1 X135.430 Y103.086
G1 X135.078 Y102.383
G1 X136.133 Y102.031
G1 X135.781 Y101.328
G1 X132.969 Y101.680
G1 X131.562 Y103.086
G1 X130.859 Y102.031
G1 X129.453 Y103.086
G1 X129.453 Y102.383
G1 X128.398 Y103.086
G1 X127.344 Y102.031
G1 X127.344 Y100.977
G1 X129.453 Y102.383
G1 X130.508 Y100.625
G1 X132.266 Y102.383
G1 X132.617 Y101.328
G1 X133.672 Y101.680
G1 X135.078 Y100.273
G1 X134.375 Y97.812
G1 X132.969 Y99.219
G1 X132.617 Y97.109
G1 X131.914 Y96.406
G1 X130.859 Y96.758
G1 X131.914 Y95.000
G1 X130.859 Y94.297
G1 X130.508 Y95.000
G1 X129.453 Y91.836
G1 X130.156 Y91.484
G1 X129.453 Y91.133
G1 X129.102 Y85.859
G1 X129.453 Y79.531
G1 X130.156 Y78.125
G1 X129.805 Y75.664
G1 X130.508 Y75.312
G1 X129.805 Y74.609
G1 X129.805 Y67.578
G1 X128.398 Y64.062
G1 X127.344 Y63.711
G1 X126.641 Y68.281
G1 X125.234 Y68.633
G1 X126.641 Y70.039
G1 X128.047 Y67.578
G1 X126.992 Y69.336
G1 X127.695 Y70.039
G1 X128.398 Y69.336
G1 X128.047 Y70.391
G1 X126.992 Y69.688
G1 X127.344 Y71.094
G1 X126.289 Y71.094
G1 X126.641 Y70.039
G1 X124.883 Y69.688
G1 X124.180 Y72.500
G1 X123.477 Y72.852
G1 X122.422 Y71.445
G1 X121.719 Y72.500
G1 X122.070 Y74.258
G1 X122.773 Y74.258
G1 X122.773 Y73.203
G1 X122.422 Y74.609
G1 X123.477 Y75.312
G1 X123.828 Y73.555
G1 X123.828 Y76.016
G1 X124.531 Y75.664
G1 X125.586 Y76.719
G1 X124.531 Y77.070
G1 X122.070 Y74.609
G1 X121.367 Y77.070
G1 X121.016 Y75.664
G1 X122.070 Y73.906
G1 X121.016 Y72.500
G1 X121.016 Y74.258
G1 X119.961 Y73.555
G1 X118.906 Y76.016
G1 X119.609 Y76.367
G1 X118.906 Y77.070
G1 X118.555 Y74.609
G1 X118.203 Y76.719
G1 X117.852 Y75.664
G1 X116.797 Y79.180
G1 X115.391 Y79.531
G1 X115.391 Y80.234
G1 X115.391 Y76.719
G1 X116.797 Y76.016
G1 X116.445 Y76.719
G1 X117.148 Y77.070
G1 X118.203 Y75.312
G1 X117.500 Y74.258
G1 X116.797 Y75.312
G1 X116.094 Y74.609
G1 X115.039 Y76.016
G1 X113.281 Y75.664
G1 X111.523 Y88.320
G1 X110.820 Y88.672
G1 X111.172 Y94.297
G1 X110.469 Y96.055
G1 X111.172 Y96.406
G1 X110.117 Y97.461
G1 X110.469 Y99.219
G1 X111.875 Y98.516
G1 X112.930 Y94.648
G1 X112.227 Y92.891
G1 X112.578 Y91.836
G1 X112.930 Y92.539
G1 X113.633 Y91.836
G1 X112.227 Y92.891
G1 X113.281 Y93.242
G1 X111.875 Y99.922
G1 X112.578 Y99.922
G1 X113.281 Y102.031
G1 X114.688 Y101.680
G1 X114.688 Y99.570
G1 X113.984 Y99.219
G1 X114.688 Y97.109
G1 X113.633 Y95.703
G1 X114.336 Y96.758
G1 X115.039 Y96.406
G1 X115.391 Y92.539
G1 X116.094 Y92.539
G1 X116.094 Y93.945
G1 X117.148 Y92.188
G1 X115.039 Y98.164
G1 X116.445 Y99.219
G1 X115.039 Y98.867
G1 X114.688 Y99.922
G1 X116.094 Y99.922
G1 X115.742 Y100.625
G1 X116.797 Y101.328
G1 X117.852 Y98.516
G1 X117.148 Y99.219
G1 X118.555 Y100.273
G1 X117.852 Y100.625
G1 X117.500 Y99.922
G1 X116.445 Y102.031
G1 X118.203 Y103.086
G1 X116.797 Y103.438
G1 X118.555 Y104.844
G1 X119.609 Y103.789
G1 X121.016 Y104.141
G1 X120.664 Y102.734
G1 X119.609 Y103.086
G1 X120.664 Y101.680
G1 X119.258 Y99.219
G1 X119.961 Y98.867
G1 X120.312 Y99.570
G1 X121.367 Y97.812
G1 X120.664 Y97.109
G1 X121.719 Y95.703
G1 X122.070 Y96.406
G1 X123.477 Y95.000
G1 X121.719 Y92.539
G1 X120.664 Y93.594
G1 X122.070 Y94.648
G1 X121.367 Y95.000
G1 X118.555 Y93.594
G1 X117.852 Y96.406
G1 X118.906 Y97.812
G1 X117.148 Y97.461
G1 X117.852 Y96.758
G1 X118.555 Y88.320
G1 X118.906 Y89.727
G1 X120.312 Y88.320
G1 X118.906 Y87.266
G1 X118.906 Y85.508
G1 X119.961 Y85.859
G1 X119.258 Y86.914
G1 X121.016 Y87.617
G1 X120.312 Y86.914
G1 X120.664 Y85.156
G1 X119.258 Y83.750
G1 X121.016 Y84.102
G1 X121.719 Y81.992
G1 X120.664 Y80.938
G1 X119.609 Y83.047
G1 X119.609 Y80.938
G1 X119.961 Y81.641
G1 X120.664 Y80.234
G1 X119.609 Y79.531
G1 X120.312 Y77.422
G1 X122.070 Y78.125
G1 X122.773 Y76.367
G1 X122.773 Y79.180
G1 X122.070 Y79.531
G1 X122.773 Y80.234
G1 X123.828 Y77.773
G1 X124.180 Y78.477
G1 X123.125 Y80.586
G1 X122.070 Y80.938
G1 X121.719 Y80.234
G1 X121.016 Y80.938
G1 X122.773 Y83.398
G1 X123.828 Y82.695
G1 X121.719 Y85.859
G1 X123.125 Y86.562
G1 X123.477 Y85.156
G1 X123.828 Y85.859
G1 X124.883 Y85.156
G1 X123.477 Y89.727
G1 X123.828 Y90.781
G1 X123.125 Y91.133
G1 X123.828 Y92.539
G1 X125.234 Y90.078
G1 X124.531 Y89.375
G1 X125.234 Y86.914
G1 X126.289 Y86.211
G1 X125.586 Y84.453
G1 X126.641 Y86.562
G1 X127.695 Y84.102
G1 X126.641 Y82.344
G1 X127.695 Y82.344
G1 X126.992 Y83.047
G1 X127.695 Y85.508
G1 X125.938 Y86.914
G1 X125.586 Y88.320
G1 X126.641 Y88.672
G1 X125.586 Y89.727
G1 X126.289 Y90.078
G1 X126.289 Y92.188
G1 X124.883 Y93.945
G1 X124.180 Y93.594
G1 X124.531 Y94.648
G1 X125.938 Y93.945
G1 X126.641 Y94.648
G1 X127.695 Y91.484
G1 X127.344 Y93.594
G1 X128.047 Y94.297
G1 X126.992 Y94.648
G1 X125.938 Y97.109
G1 X126.992 Y99.922
G1 X125.938 Y102.383
G1 X128.047 Y104.492
G1 X129.805 Y103.789
G1 X131.914 Y104.844
G1 X132.266 Y103.789
G1 X132.266 Y105.195
G1 X130.859 Y104.844
G1 X131.211 Y105.547
G1 X129.805 Y105.547
G1 X130.859 Y106.602
G1 X134.023 Y107.305
G1 X131.914 Y108.008
G1 X131.562 Y107.305
G1 X129.453 Y108.359
G1 X126.992 Y107.656
G1 X127.695 Y109.414
G1 X126.992 Y110.469
G1 X125.586 Y109.062
G1 X125.234 Y110.469
G1 X125.234 Y109.062
G1 X127.344 Y109.062
G1 X126.289 Y108.008
G1 X126.992 Y107.305
G1 X125.586 Y106.250
G1 X124.883 Y108.359
G1 X124.531 Y107.656
G1 X122.773 Y107.656
G1 X124.883 Y106.953
G1 X122.773 Y104.844
G1 X121.719 Y105.547
G1 X122.070 Y107.305
G1 X121.016 Y108.008
G1 X122.070 Y106.602
G1 X120.664 Y105.898
G1 X122.070 Y104.844
G1 X121.016 Y104.141
G1 X118.906 Y105.547
G1 X115.039 Y100.273
G1 X114.336 Y102.734
G1 X115.742 Y104.844
G1 X116.445 Y104.492
G1 X116.094 Y103.438
G1 X116.445 Y104.844
G1 X117.500 Y105.195
G1 X118.203 Y106.602
G1 X117.500 Y108.008
G1 X117.852 Y109.766
G1 X120.312 Y108.359
G1 X118.555 Y110.117
G1 X120.664 Y112.578
G1 X125.938 Y112.578
G1 X124.883 Y113.633
G1 X127.695 Y113.281
G1 X126.992 Y112.227
G1 X128.047 Y112.930
G1 X131.211 Y112.227
G1 X137.188 Y109.414
G1 X141.055 Y104.844
G1 X144.570 Y97.461
G1 X144.570 Y95.352
G1 X144.922 Y96.055
G1 X146.328 Y94.648
G1 X145.625 Y92.188
G1 X146.680 Y90.078
G1 X147.031 Y91.484
G1 X145.977 Y92.188
G1 X146.680 Y93.242
G1 X147.734 Y92.539
G1 X147.734 Y90.078
G1 X147.031 Y89.375
G1 X148.438 Y85.508
G1 X150.547 Y85.859
G1 X148.438 Y86.211
G1 X148.086 Y90.781
G1 X152.656 Y90.781
G1 X155.117 Y93.945
G1 X152.656 Y91.133
G1 X151.250 Y90.781
G1 X148.789 Y91.836
G1 X149.844 Y96.758
G1 X148.086 Y98.516
G1 X149.844 Y96.055
G1 X149.492 Y93.594
G1 X148.438 Y92.539
G1 X146.328 Y98.164
G1 X147.031 Y98.867
G1 X145.977 Y99.570
G1 X146.328 Y98.164
G1 X143.867 Y100.625
G1 X145.977 Y102.383
G1 X145.273 Y103.789
G1 X145.625 Y102.383
G1 X144.922 Y101.680
G1 X143.164 Y102.734
G1 X142.109 Y109.062
G1 X137.891 Y113.633
G1 X135.430 Y119.258
G1 X134.375 Y118.555
G1 X137.539 Y113.984
G1 X137.891 Y110.820
G1 X138.594 Y111.172
G1 X138.945 Y110.469
G1 X138.594 Y111.523
G1 X139.297 Y111.875
G1 X141.055 Y108.711
G1 X141.055 Y104.844
G1 X138.945 Y109.414
G1 X136.836 Y110.117
G1 X135.781 Y111.523
G1 X137.188 Y111.172
G1 X136.133 Y112.227
G1 X134.727 Y111.172
G1 X134.023 Y111.875
G1 X134.023 Y113.633
G1 X131.562 Y117.852
G1 X132.266 Y113.984
G1 X131.211 Y112.578
G1 X130.508 Y113.281
G1 X130.859 Y115.391
G1 X129.102 Y116.094
G1 X128.047 Y119.258
G1 X126.641 Y118.906
G1 X126.289 Y120.312
G1 X124.883 Y120.664
G1 X123.477 Y122.773
G1 X122.422 Y122.773
G1 X122.422 Y124.180
G1 X123.477 Y123.477
G1 X121.719 Y125.938
G1 X121.719 Y128.750
G1 X123.828 Y124.180
G1 X125.234 Y123.477
G1 X126.289 Y124.180
G1 X127.344 Y123.125
G1 X128.398 Y120.312
G1 X130.508 Y118.555
G1 X130.508 Y117.148
G1 X130.508 Y118.906
G1 X126.992 Y122.773
G1 X128.750 Y122.773
G1 X130.859 Y120.664
G1 X131.562 Y118.555
G1 X131.211 Y119.609
G1 X132.617 Y119.961
G1 X135.078 Y113.984
G1 X134.727 Y112.930
G1 X135.430 Y112.578
G1 X135.078 Y113.984
G1 X136.133 Y113.281
G1 X134.727 Y115.039
G1 X135.078 Y116.445
G1 X133.672 Y119.258
G1 X130.859 Y122.422
G1 X130.508 Y121.719
G1 X129.805 Y122.422
G1 X129.805 Y123.477
G1 X129.453 Y122.773
G1 X126.992 Y123.477
G1 X124.883 Y126.992
G1 X125.938 Y124.531
G1 X125.234 Y123.828
G1 X123.125 Y126.289
G1 X121.719 Y129.102
G1 X122.070 Y130.156
G1 X121.367 Y128.398
G1 X122.070 Y126.641
G1 X121.367 Y125.586
G1 X120.664 Y126.641
G1 X120.312 Y124.180
G1 X121.016 Y125.938
G1 X122.773 Y121.367
G1 X123.477 Y121.367
G1 X124.883 Y118.906
G1 X125.234 Y119.961
G1 X126.992 Y117.148
G1 X128.398 Y116.797
G1 X129.453 Y113.633
G1 X128.047 Y113.984
G1 X125.234 Y118.203
G1 X126.992 Y115.391
G1 X126.992 Y113.633
G1 X125.938 Y115.039
G1 X124.883 Y114.336
G1 X121.367 Y116.445
G1 X119.961 Y118.203
G1 X120.312 Y120.312
G1 X119.961 Y119.609
G1 X118.906 Y123.477
G1 X118.906 Y120.312
G1 X120.664 Y115.391
G1 X124.531 Y113.281
G1 X121.719 Y113.281
G1 X118.906 Y115.742
G1 X118.555 Y118.906
G1 X117.148 Y119.609
G1 X117.852 Y121.367
G1 X116.445 Y120.312
G1 X117.148 Y122.773
G1 X116.445 Y124.180
G1 X117.148 Y124.883
G1 X118.203 Y122.773
G1 X117.852 Y123.828
G1 X118.555 Y125.234
G1 X118.906 Y124.180
G1 X118.906 Y126.641
G1 X118.906 Y125.586
G1 X117.500 Y124.531
G1 X116.445 Y125.234
G1 X116.094 Y126.992
G1 X113.984 Y124.883
G1 X115.742 Y128.047
G1 X115.039 Y128.750
G1 X116.094 Y130.859
G1 X115.039 Y133.672
G1 X113.984 Y131.914
G1 X113.281 Y132.969
G1 X114.688 Y134.375
G1 X115.039 Y136.484
G1 X112.930 Y142.461
G1 X113.984 Y144.219
G1 X115.039 Y139.297
G1 X114.688 Y144.922
G1 X115.391 Y145.625
G1 X116.445 Y144.570
G1 X115.039 Y146.680
G1 X115.039 Y145.273
G1 X114.688 Y145.977
G1 X113.281 Y145.625
G1 X110.469 Y146.680
G1 X109.414 Y147.734
G1 X106.602 Y154.414
G1 X106.953 Y156.172
G1 X109.766 Y149.492
G1 X108.359 Y155.469
G1 X107.656 Y155.469
G1 X106.250 Y158.984
G1 X105.898 Y158.281
G1 X103.789 Y161.797
G1 X100.977 Y162.148
G1 X102.031 Y163.203
G1 X103.438 Y163.203
G1 X106.953 Y159.336
G1 X105.547 Y162.148
G1 X102.031 Y164.609
G1 X103.438 Y164.961
G1 X106.602 Y163.203
G1 X104.141 Y164.961
G1 X101.328 Y165.664
G1 X103.438 Y166.367
G1 X100.977 Y166.719
G1 X102.383 Y167.773
G1 X106.250 Y166.016
G1 X106.602 Y164.961
G1 X104.492 Y165.664
G1 X106.250 Y164.961
G1 X111.523 Y158.633
G1 X110.117 Y161.445
G1 X106.602 Y164.961
G1 X107.305 Y165.312
G1 X108.711 Y164.258
G1 X108.359 Y165.312
G1 X102.383 Y168.477
G1 X100.273 Y168.125
G1 X101.680 Y169.531
G1 X104.141 Y169.531
G1 X103.086 Y170.234
G1 X99.922 Y169.531
G1 X100.977 Y170.938
G1 X102.383 Y170.938
G1 X102.734 Y172.344
G1 X103.789 Y171.992
G1 X103.438 Y170.938
G1 X105.547 Y170.234
G1 X103.086 Y172.695
G1 X101.680 Y171.992
G1 X100.273 Y172.695
G1 X102.031 Y173.750
G1 X105.547 Y172.344
G1 X105.898 Y173.047
G1 X108.008 Y170.938
G1 X106.602 Y170.234
G1 X109.766 Y168.125
G1 X109.062 Y167.773
G1 X112.227 Y163.906
G1 X111.523 Y162.852
G1 X110.117 Y164.258
G1 X112.227 Y160.391
G1 X112.227 Y156.875
G1 X108.008 Y161.445
G1 X113.633 Y153.359
G1 X116.094 Y152.656
G1 X112.227 Y155.117
G1 X112.930 Y156.875
G1 X115.742 Y154.766
G1 X114.688 Y154.062
G1 X116.094 Y154.062
G1 X116.445 Y155.117
G1 X117.500 Y154.062
G1 X116.797 Y153.711
G1 X118.203 Y150.898
G1 X117.148 Y150.547
G1 X112.227 Y152.305
G1 X111.875 Y153.711
G1 X107.305 Y158.633
G1 X112.227 Y151.250
G1 X116.797 Y149.844
G1 X115.742 Y149.492
G1 X116.797 Y149.141
G1 X116.094 Y148.438
G1 X110.469 Y150.898
G1 X111.523 Y149.492
G1 X112.227 Y150.547
G1 X114.336 Y148.438
G1 X113.633 Y147.734
G1 X111.875 Y148.789
G1 X110.820 Y148.438
G1 X112.930 Y146.680
G1 X113.984 Y146.680
G1 X113.633 Y147.734
G1 X114.336 Y148.438
G1 X115.039 Y147.383
G1 X115.742 Y148.438
G1 X116.094 Y147.383
G1 X117.148 Y148.789
G1 X118.203 Y147.383
G1 X118.203 Y148.789
G1 X119.258 Y148.086
G1 X119.609 Y145.273
G1 X121.016 Y142.812
G1 X119.961 Y142.109
G1 X119.961 Y140.000
G1 X121.016 Y138.945
G1 X120.312 Y139.648
G1 X120.312 Y142.461
G1 X122.422 Y137.891
G1 X122.773 Y130.859
G1 X123.477 Y130.859
G1 X124.883 Y128.047
G1 X123.125 Y131.914
G1 X123.828 Y133.320
G1 X125.938 Y127.695
G1 X125.234 Y131.211
G1 X123.828 Y133.320
G1 X122.773 Y141.055
G1 X121.367 Y143.164
G1 X121.719 Y144.219
G1 X121.016 Y143.516
G1 X120.312 Y146.328
G1 X121.016 Y147.031
G1 X119.961 Y147.383
G1 X118.203 Y150.898
G1 X118.203 Y153.711
G1 X116.094 Y157.227
G1 X116.094 Y158.984
G1 X115.391 Y160.391
G1 X115.039 Y159.336
G1 X114.336 Y159.688
G1 X112.930 Y163.203
G1 X113.281 Y163.906
G1 X113.984 Y163.203
G1 X113.984 Y163.906
G1 X113.281 Y164.258
G1 X112.930 Y163.555
G1 X112.227 Y164.258
G1 X111.172 Y168.125
G1 X109.414 Y168.828
G1 X109.062 Y170.586
G1 X102.734 Y177.969
G1 X98.516 Y178.320
G1 X97.812 Y179.727
G1 X97.109 Y178.672
G1 X96.406 Y180.078
G1 X91.484 Y181.133
M5

; Done - pen up and return to start position
M5
G1 X5.000 Y185.000 F3000  ; Paper advance
